token_id,name,era,supply_expected,meta_host,meta_path,image_host,image_uri,gh_media_file,gh_media_exists,sui_source_n,offline_jpg_hint,external_url,arweave_merge_note
1,JB NJ #0364,A_early_s30,30,GH_jb-nft-assets_baseURI,meta/avalanche/nature-jam-2/1,IPFS_Pinata_or_legacy,ipfs://bafybeib53ote7royveamo7blljd3irtwgydlqzuhmgymotlasd5rc4by4y/1,,False,,early batch,https://jackbeatnic.github.io,pull image from ipfs_uri then upload to AR
2,JB NJ #0365,A_early_s30,30,GH_jb-nft-assets_baseURI,meta/avalanche/nature-jam-2/2,IPFS_Pinata_or_legacy,ipfs://bafybeibpzy6gocj76ngx2atbhmthvats5j2bs2r3dbv3owqhyhtehzcde4/2,,False,,early batch,https://jackbeatnic.github.io,pull image from ipfs_uri then upload to AR
3,JB NJ #0366,A_early_s30,30,GH_jb-nft-assets_baseURI,meta/avalanche/nature-jam-2/3,IPFS_Pinata_or_legacy,ipfs://bafybeihc6sirkovbgs7w2iqxi2uk5vzysawbepevufb7ekfbifbwxxkvnm/3,,False,,early batch,https://jackbeatnic.github.io,pull image from ipfs_uri then upload to AR
4,JB NJ #0367,A_early_s30,30,GH_jb-nft-assets_baseURI,meta/avalanche/nature-jam-2/4,IPFS_Pinata_or_legacy,ipfs://bafybeiasujxzsqsep255vvqvorurbxdigqe2ahptj4qtqfuvi3glew6whm/4,,False,,early batch,https://jackbeatnic.github.io,pull image from ipfs_uri then upload to AR
5,JB NJ #0368,A_early_s30,30,GH_jb-nft-assets_baseURI,meta/avalanche/nature-jam-2/5,IPFS_Pinata_or_legacy,ipfs://bafybeicscytcatzpj3xj5esonqwwotanuypp6uivamr4e7u6nzbfzvwuby/5,,False,,early batch,https://jackbeatnic.github.io,pull image from ipfs_uri then upload to AR
6,JB NJ #0369,A_early_s30,30,GH_jb-nft-assets_baseURI,meta/avalanche/nature-jam-2/6,IPFS_Pinata_or_legacy,ipfs://bafybeidxexx6yewvzdg77igjgfrcj7tscjthv6kbwqqfeocgimrwfefwse/6,,False,,early batch,https://jackbeatnic.github.io,pull image from ipfs_uri then upload to AR
7,JB NJ #0370,A_early_s30,30,GH_jb-nft-assets_baseURI,meta/avalanche/nature-jam-2/7,IPFS_Pinata_or_legacy,ipfs://bafybeiglrc6wwqygtwmwhddptysm7cxhlbvvzyyo57xxfxiu2w7zff7uoy/7,,False,,early batch,https://jackbeatnic.github.io,pull image from ipfs_uri then upload to AR
8,JB NJ #0371,A_early_s30,30,GH_jb-nft-assets_baseURI,meta/avalanche/nature-jam-2/8,IPFS_Pinata_or_legacy,ipfs://bafybeidphvqkz4xwvzsxmvioxx6a6orlmezdxc473z2aqgeqg57y7tcrme/8,,False,,early batch,https://jackbeatnic.github.io,pull image from ipfs_uri then upload to AR
9,JB NJ #0372,A_early_s30,30,GH_jb-nft-assets_baseURI,meta/avalanche/nature-jam-2/9,IPFS_Pinata_or_legacy,ipfs://bafybeigpprkdz7ldj3xmp55f3fgmht4knckrvu5pm66vq2xjuoihzqj5tu/9,,False,,early batch,https://jackbeatnic.github.io,pull image from ipfs_uri then upload to AR
10,JB NJ #0373,A_early_s30,30,GH_jb-nft-assets_baseURI,meta/avalanche/nature-jam-2/10,IPFS_Pinata_or_legacy,ipfs://bafybeifxwm74znyvbcjwaqet7sei2gbdp7j4bny42g5x3jdjsgyre32inu/10,,False,,early batch,https://jackbeatnic.github.io,pull image from ipfs_uri then upload to AR
11,JB NJ #0374,A_early_s30,30,GH_jb-nft-assets_baseURI,meta/avalanche/nature-jam-2/11,IPFS_Pinata_or_legacy,ipfs://bafybeibmllep3rlzou4xhdyky742vkkrp7nt3f37jrdullzmfdlk5byvxy/11,,False,,early batch,https://jackbeatnic.github.io,pull image from ipfs_uri then upload to AR
12,JB NJ #0374,A_early_s30,30,GH_jb-nft-assets_baseURI,meta/avalanche/nature-jam-2/12,IPFS_Pinata_or_legacy,ipfs://bafybeihhgmcvsz5yqyb6ri6zhtw45z7ikt2t3fjtwtkesytbecuwje3sey/12,,False,,early batch,https://jackbeatnic.github.io,pull image from ipfs_uri then upload to AR
13,JB NJ #0375,A_early_s30,30,GH_jb-nft-assets_baseURI,meta/avalanche/nature-jam-2/13,IPFS_Pinata_or_legacy,ipfs://bafybeifqx2kozmexmjzqrqqmhvfyzzp3r24i3zgpgyn4tfp6keqtu3ihoy/13,,False,,early batch,https://jackbeatnic.github.io,pull image from ipfs_uri then upload to AR
14,JB NJ #0376,A_early_s30,30,GH_jb-nft-assets_baseURI,meta/avalanche/nature-jam-2/14,IPFS_Pinata_or_legacy,ipfs://bafybeicss7gsheoe4qpm3c2cksjjirt6ct5pe765xzxyv7djgaeks3vkd4/14,,False,,early batch,https://jackbeatnic.github.io,pull image from ipfs_uri then upload to AR
15,JB NJ #0377,A_early_s30,30,GH_jb-nft-assets_baseURI,meta/avalanche/nature-jam-2/15,IPFS_Pinata_or_legacy,ipfs://bafybeifuiwbb4ic3baygmlk2wuktctikabbgrdvlsvhp4x3qbhsulh2tku/15,,False,,early batch,https://jackbeatnic.github.io,pull image from ipfs_uri then upload to AR
16,JB NJ #0378,A_early_s30,30,GH_jb-nft-assets_baseURI,meta/avalanche/nature-jam-2/16,IPFS_Pinata_or_legacy,ipfs://bafybeifxv43fmyb4foswqtlhn5gwzimvdkb4ax3rxcar5icqo7rxgrxaaq/16,,False,,early batch,https://jackbeatnic.github.io,pull image from ipfs_uri then upload to AR
17,JB NJ #0379,A_early_s30,30,GH_jb-nft-assets_baseURI,meta/avalanche/nature-jam-2/17,IPFS_Pinata_or_legacy,ipfs://bafybeiboycmtb7qtzvonikydwy7ibzoyupmzcdlpkirs7sbn3soz7zftrq/17,,False,,early batch,https://jackbeatnic.github.io,pull image from ipfs_uri then upload to AR
18,JB NJ #0380,A_early_s30,30,GH_jb-nft-assets_baseURI,meta/avalanche/nature-jam-2/18,IPFS_Pinata_or_legacy,ipfs://bafybeigichh2rn4x5cdzatqfel3736ir2o7fpe2rl5qn3snm4tierbzlnq/18,,False,,early batch,https://jackbeatnic.github.io,pull image from ipfs_uri then upload to AR
19,JB NJ #0381,A_early_s30,30,GH_jb-nft-assets_baseURI,meta/avalanche/nature-jam-2/19,IPFS_Pinata_or_legacy,ipfs://bafybeifp2g42blkc664rb2amixvs47tw5hfxx2po7psptfsuolmshzf5sa/19,,False,,early batch,https://jackbeatnic.github.io,pull image from ipfs_uri then upload to AR
20,JB NJ #0382,A_early_s30,30,GH_jb-nft-assets_baseURI,meta/avalanche/nature-jam-2/20,IPFS_Pinata_or_legacy,ipfs://bafybeiac35dqpxspixpbjehsbrtsl7bfwtsrdjbmhelrdnn5zh6eyt6c2a/20,,False,,early batch,https://jackbeatnic.github.io,pull image from ipfs_uri then upload to AR
21,JB NJ #0383,A_early_s30,30,GH_jb-nft-assets_baseURI,meta/avalanche/nature-jam-2/21,IPFS_Pinata_or_legacy,ipfs://bafybeicarw67kuemduu7ms5yiv3wvlhf2eg5qktdgqkvqomhtik6dadlii/21,,False,,early batch,https://jackbeatnic.github.io,pull image from ipfs_uri then upload to AR
22,JB NJ #0384,A_early_s30,30,GH_jb-nft-assets_baseURI,meta/avalanche/nature-jam-2/22,IPFS_Pinata_or_legacy,ipfs://bafybeibz6j2bwsw26qh27k2c2tc4qiz2fmy4ht7a575gsgd452geu7u3la/22,,False,,early batch,https://jackbeatnic.github.io,pull image from ipfs_uri then upload to AR
23,JB NJ #0385,A_early_s30,30,GH_jb-nft-assets_baseURI,meta/avalanche/nature-jam-2/23,IPFS_Pinata_or_legacy,ipfs://bafybeifsyjp2fkkzb3mqxkflsobywg67ypb2dpstpaym3uptzsbkdtyz2q/23,,False,,early batch,https://jackbeatnic.github.io,pull image from ipfs_uri then upload to AR
24,JB NJ #0386,A_early_s30,30,GH_jb-nft-assets_baseURI,meta/avalanche/nature-jam-2/24,IPFS_Pinata_or_legacy,ipfs://bafybeidigs4untxcnott3zqiy6fdle3axddel4cyisw6fuzlm5kxocz75i/24,,False,,early batch,https://jackbeatnic.github.io,pull image from ipfs_uri then upload to AR
25,JB NJ #0387,A_early_s30,30,GH_jb-nft-assets_baseURI,meta/avalanche/nature-jam-2/25,IPFS_Pinata_or_legacy,ipfs://bafybeiarnkft6cohg3qibmsafxdalzxjjqui23zyvdrre2mty3jdcylhxi/25,,False,,early batch,https://jackbeatnic.github.io,pull image from ipfs_uri then upload to AR
26,JB NJ #0388,A_early_s30,30,GH_jb-nft-assets_baseURI,meta/avalanche/nature-jam-2/26,IPFS_Pinata_or_legacy,ipfs://bafybeibxcx3j2gmak6mlwtmsalplzd6a3dgctgxjsfodmy3p6ua43m5jwu/26,,False,,early batch,https://jackbeatnic.github.io,pull image from ipfs_uri then upload to AR
27,JB NJ #0389,A_early_s30,30,GH_jb-nft-assets_baseURI,meta/avalanche/nature-jam-2/27,IPFS_Pinata_or_legacy,ipfs://bafybeigfwuhjnpuzehspwh7m6ddu47pkzf4glkg2gvkpkvggjwnlofmgue/27,,False,,early batch,https://jackbeatnic.github.io,pull image from ipfs_uri then upload to AR
28,JB NJ #0390,A_early_s30,30,GH_jb-nft-assets_baseURI,meta/avalanche/nature-jam-2/28,IPFS_Pinata_or_legacy,ipfs://bafybeihbokzdjiyo7q3lw526ymrdjlgnfvjz52pajd7w2lblhl4y522r6i/28,,False,,early batch,https://jackbeatnic.github.io,pull image from ipfs_uri then upload to AR
29,JB NJ #0391,A_early_s30,30,GH_jb-nft-assets_baseURI,meta/avalanche/nature-jam-2/29,IPFS_Pinata_or_legacy,ipfs://bafybeihibmmcnu7zfnyd7hqv5k7jy5o7ilqanyh3pdetf7ocgwpmzuhsbe/29,,False,,early batch,https://jackbeatnic.github.io,pull image from ipfs_uri then upload to AR
30,JB NJ #0392,A_early_s30,30,GH_jb-nft-assets_baseURI,meta/avalanche/nature-jam-2/30,IPFS_Pinata_or_legacy,ipfs://bafybeib5ym4v55hznfvmmaubw73s5vwwxixisuocnnxolk7qrhckc6flkm/30,,False,,early batch,https://jackbeatnic.github.io,pull image from ipfs_uri then upload to AR
31,JB NJ #0393,A_early_s30,30,GH_jb-nft-assets_baseURI,meta/avalanche/nature-jam-2/31,IPFS_Pinata_or_legacy,ipfs://bafybeidtfufdsm54vvjo2vthys3riwkfe5fvs64carfpmkntwsumxtqj4u/31,,False,,early batch,https://jackbeatnic.github.io,pull image from ipfs_uri then upload to AR
32,JB NJ #0394,A_early_s30,30,GH_jb-nft-assets_baseURI,meta/avalanche/nature-jam-2/32,IPFS_Pinata_or_legacy,ipfs://bafybeifzih347ybtfpjrq6uzofs7k6y7eupp75lt35ybu4tsfg74e2ykti/32,,False,,early batch,https://jackbeatnic.github.io,pull image from ipfs_uri then upload to AR
33,JB NJ #0395,A_early_s30,30,GH_jb-nft-assets_baseURI,meta/avalanche/nature-jam-2/33,IPFS_Pinata_or_legacy,ipfs://bafybeihviauw7gz6vfrzs5pkipmkj43qgxm5heccxassmsim7m36ngqje4/33,,False,,early batch,https://jackbeatnic.github.io,pull image from ipfs_uri then upload to AR
34,JB NJ #0396,A_early_s30,30,GH_jb-nft-assets_baseURI,meta/avalanche/nature-jam-2/34,IPFS_Pinata_or_legacy,ipfs://bafybeiapuc54uia4l2eezz6rngnaqjbsvdh5botxcubk4aendcto7stjai/34,,False,,early batch,https://jackbeatnic.github.io,pull image from ipfs_uri then upload to AR
35,JB NJ #0397,A_early_s30,30,GH_jb-nft-assets_baseURI,meta/avalanche/nature-jam-2/35,IPFS_Pinata_or_legacy,ipfs://bafybeifwyjlh3g7ozphla3mhlic4mejsqbukjfcfrygvfjfuudhkq4krjm/35,,False,,early batch,https://jackbeatnic.github.io,pull image from ipfs_uri then upload to AR
36,JB NJ #0398,A_early_s30,30,GH_jb-nft-assets_baseURI,meta/avalanche/nature-jam-2/36,IPFS_Pinata_or_legacy,ipfs://bafybeiaq5tulmqb6kjonalymm6ho5zqr7ut5raau5b6aszpqtkcov6v63u/36,,False,,early batch,https://jackbeatnic.github.io,pull image from ipfs_uri then upload to AR
37,JB NJ #0399,A_early_s30,30,GH_jb-nft-assets_baseURI,meta/avalanche/nature-jam-2/37,IPFS_Pinata_or_legacy,ipfs://bafybeidjuq5x7krlszba2thsj5v2u2t4e3bqucm7z4fzh62kdcaucovcre/37,,False,,early batch,https://jackbeatnic.github.io,pull image from ipfs_uri then upload to AR
38,JB NJ #0400,A_early_s30,30,GH_jb-nft-assets_baseURI,meta/avalanche/nature-jam-2/38,IPFS_Pinata_or_legacy,ipfs://bafybeidwgjrhjsglhnceaypyiqekdjatropg7bb3yxjav2iaygrutupgby/38,,False,,early batch,https://jackbeatnic.github.io,pull image from ipfs_uri then upload to AR
39,JB NJ #0401,A_early_s30,30,GH_jb-nft-assets_baseURI,meta/avalanche/nature-jam-2/39,IPFS_Pinata_or_legacy,ipfs://bafybeifec44in5vppmotarxbahuumwwhtavsppuxdgbcdun5cp6g4lwera/39,,False,,early batch,https://jackbeatnic.github.io,pull image from ipfs_uri then upload to AR
40,JB NJ #0402,A_early_s30,30,GH_jb-nft-assets_baseURI,meta/avalanche/nature-jam-2/40,IPFS_Pinata_or_legacy,ipfs://bafybeihasegcyxt37qtcoo3ajzrunkidmf66hfxq2qqic4xb57jpzaj75q/40,,False,,early batch,https://jackbeatnic.github.io,pull image from ipfs_uri then upload to AR
41,JB NJ #0403,A_early_s30,30,GH_jb-nft-assets_baseURI,meta/avalanche/nature-jam-2/41,IPFS_Pinata_or_legacy,ipfs://bafybeidyh6jqqjklianv7z4cluukhnyisyvr57ngxtmbzig3iwo5gz7joi/41,,False,,early batch,https://jackbeatnic.github.io,pull image from ipfs_uri then upload to AR
42,JB NJ #0828,B_pinata_s3000,3000,GH_jb-nft-assets_baseURI,meta/avalanche/nature-jam-2/42,IPFS_Pinata_or_legacy,ipfs://QmZNqzTUuhLGmFEZFFsAEZYbUvhVJdu91Wvq5tB8LTLjiv,,False,1,SUI/1_N_S.jpg or przygotowane/,https://jackbeatnic.github.io,pull image from ipfs_uri then upload to AR
43,JB NJ #0829,B_pinata_s3000,3000,GH_jb-nft-assets_baseURI,meta/avalanche/nature-jam-2/43,IPFS_Pinata_or_legacy,ipfs://QmdhApSXKjjgxcaT5Ay8qYmnUjDBTWSiLdpbuVJV42XZXr,,False,2,SUI/2_N_S.jpg or przygotowane/,https://jackbeatnic.github.io,pull image from ipfs_uri then upload to AR
44,JB NJ #0830,B_pinata_s3000,3000,GH_jb-nft-assets_baseURI,meta/avalanche/nature-jam-2/44,IPFS_Pinata_or_legacy,ipfs://QmP2TqzeXKPQCP4J4zNP1MQTQ1UD2A49G735gc5V74gvBn,,False,3,SUI/3_N_S.jpg or przygotowane/,https://jackbeatnic.github.io,pull image from ipfs_uri then upload to AR
45,JB NJ #0831,B_pinata_s3000,3000,GH_jb-nft-assets_baseURI,meta/avalanche/nature-jam-2/45,IPFS_Pinata_or_legacy,ipfs://QmYfdRujsNiETfJdnQi4iPFjpKfFz6XwLeiQeYN5aEceSK,,False,4,SUI/4_N_S.jpg or przygotowane/,https://jackbeatnic.github.io,pull image from ipfs_uri then upload to AR
46,JB NJ #0832,B_pinata_s3000,3000,GH_jb-nft-assets_baseURI,meta/avalanche/nature-jam-2/46,IPFS_Pinata_or_legacy,ipfs://QmVufHiLeUa54XzeGsH4rEs1cceiN4S4mhTX2QeqHCxfxF,,False,5,SUI/5_N_S.jpg or przygotowane/,https://jackbeatnic.github.io,pull image from ipfs_uri then upload to AR
47,JB NJ #0833,B_pinata_s3000,3000,GH_jb-nft-assets_baseURI,meta/avalanche/nature-jam-2/47,IPFS_Pinata_or_legacy,ipfs://QmXVu9MpLTiu4amBeyBGoQJX23n4ahqcL8Wy1w6oT8HViY,,False,6,SUI/6_N_S.jpg or przygotowane/,https://jackbeatnic.github.io,pull image from ipfs_uri then upload to AR
48,JB NJ #0834,B_pinata_s3000,3000,GH_jb-nft-assets_baseURI,meta/avalanche/nature-jam-2/48,IPFS_Pinata_or_legacy,ipfs://QmTMo9cAU3qf4YpXet4D2mZYqLWYgP57FiqsBkqkQn6Sac,,False,7,SUI/7_N_S.jpg or przygotowane/,https://jackbeatnic.github.io,pull image from ipfs_uri then upload to AR
49,JB NJ #0835,B_pinata_s3000,3000,GH_jb-nft-assets_baseURI,meta/avalanche/nature-jam-2/49,IPFS_Pinata_or_legacy,ipfs://QmPcgvPd9jCPWt1DKFugV21pQmwiz17bcmijhMepKKVs9J,,False,8,SUI/8_N_S.jpg or przygotowane/,https://jackbeatnic.github.io,pull image from ipfs_uri then upload to AR
50,JB NJ #0836,B_pinata_s3000,3000,GH_jb-nft-assets_baseURI,meta/avalanche/nature-jam-2/50,IPFS_Pinata_or_legacy,ipfs://Qmdd32rtGkVHifVUBySKQETMKfz512ofFVUvAZoeyVNTXN,,False,9,SUI/9_N_S.jpg or przygotowane/,https://jackbeatnic.github.io,pull image from ipfs_uri then upload to AR
51,JB NJ #0837,B_pinata_s3000,3000,GH_jb-nft-assets_baseURI,meta/avalanche/nature-jam-2/51,IPFS_Pinata_or_legacy,ipfs://QmZNhJF97xPuEsJVA9stCYwbZoz6L8hpAGTPK1m66EPsUj,,False,10,SUI/10_N_S.jpg or przygotowane/,https://jackbeatnic.github.io,pull image from ipfs_uri then upload to AR
52,JB NJ #0838,B_pinata_s3000,3000,GH_jb-nft-assets_baseURI,meta/avalanche/nature-jam-2/52,IPFS_Pinata_or_legacy,ipfs://QmeCjfRr8c6df6bDkZT96efBxzW2TQmNiAXGPNxGkqu3jy,,False,11,SUI/11_N_S.jpg or przygotowane/,https://jackbeatnic.github.io,pull image from ipfs_uri then upload to AR
53,JB NJ #0839,B_pinata_s3000,3000,GH_jb-nft-assets_baseURI,meta/avalanche/nature-jam-2/53,IPFS_Pinata_or_legacy,ipfs://QmRLQ9TJc3q4d8FeCLhiw93UBcoh3eMfEd69kZCm5oTkR6,,False,12,SUI/12_N_S.jpg or przygotowane/,https://jackbeatnic.github.io,pull image from ipfs_uri then upload to AR
54,JB NJ #0840,B_pinata_s3000,3000,GH_jb-nft-assets_baseURI,meta/avalanche/nature-jam-2/54,IPFS_Pinata_or_legacy,ipfs://QmapiGnzeFUPFR9VKBJ5SJBwWWVUrwXZzCw7AXL7mhvn8N,,False,13,SUI/13_N_S.jpg or przygotowane/,https://jackbeatnic.github.io,pull image from ipfs_uri then upload to AR
55,JB NJ #0841,B_pinata_s3000,3000,GH_jb-nft-assets_baseURI,meta/avalanche/nature-jam-2/55,IPFS_Pinata_or_legacy,ipfs://QmUuNndYKgVGookCscEPUg5xGoMoQWZMqsrcZBgK5uvv3B,,False,14,SUI/14_N_S.jpg or przygotowane/,https://jackbeatnic.github.io,pull image from ipfs_uri then upload to AR
56,JB NJ #0842,B_pinata_s3000,3000,GH_jb-nft-assets_baseURI,meta/avalanche/nature-jam-2/56,IPFS_Pinata_or_legacy,ipfs://QmTa5B8HDdbYcngkFhdShjyyKDC5zf7QYNQ29FCs5WkHmR,,False,15,SUI/15_N_S.jpg or przygotowane/,https://jackbeatnic.github.io,pull image from ipfs_uri then upload to AR
57,JB NJ #0843,B_pinata_s3000,3000,GH_jb-nft-assets_baseURI,meta/avalanche/nature-jam-2/57,IPFS_Pinata_or_legacy,ipfs://QmcvMaLVqw8AM4y9W7QjbMj1ftVKSMYyir7AzKdyrYuTvX,,False,16,SUI/16_N_S.jpg or przygotowane/,https://jackbeatnic.github.io,pull image from ipfs_uri then upload to AR
58,JB NJ #0844,B_pinata_s3000,3000,GH_jb-nft-assets_baseURI,meta/avalanche/nature-jam-2/58,IPFS_Pinata_or_legacy,ipfs://QmYkp26aRzFgyn3bDXm3W6ejrPPtU2fy1fDeHD2teaLyBv,,False,17,SUI/17_N_S.jpg or przygotowane/,https://jackbeatnic.github.io,pull image from ipfs_uri then upload to AR
59,JB NJ #0845,B_pinata_s3000,3000,GH_jb-nft-assets_baseURI,meta/avalanche/nature-jam-2/59,IPFS_Pinata_or_legacy,ipfs://QmeBnRzzKa7GAoz61bdMdhGZwGkG3dSrGB2WUQtQwxoGpJ,,False,18,SUI/18_N_S.jpg or przygotowane/,https://jackbeatnic.github.io,pull image from ipfs_uri then upload to AR
60,JB NJ #0846,B_pinata_s3000,3000,GH_jb-nft-assets_baseURI,meta/avalanche/nature-jam-2/60,IPFS_Pinata_or_legacy,ipfs://QmX7DtWwB9qq3WwJBQxuf9tnKCjWMXaF1d9LYFJguGvXjQ,,False,19,SUI/19_N_S.jpg or przygotowane/,https://jackbeatnic.github.io,pull image from ipfs_uri then upload to AR
61,JB NJ #0847,B_pinata_s3000,3000,GH_jb-nft-assets_baseURI,meta/avalanche/nature-jam-2/61,IPFS_Pinata_or_legacy,ipfs://QmUuVgfTycP8wiaWNMQtvNFFV21fcJu2GYY3JNoDk615mL,,False,20,SUI/20_N_S.jpg or przygotowane/,https://jackbeatnic.github.io,pull image from ipfs_uri then upload to AR
62,JB NJ #0848,B_pinata_s3000,3000,GH_jb-nft-assets_baseURI,meta/avalanche/nature-jam-2/62,IPFS_Pinata_or_legacy,ipfs://QmbALJmjuGPxRyo8FGNEKVsAp28Uw68ZSCZaXw5k6PNZ5w,,False,21,SUI/21_N_S.jpg or przygotowane/,https://jackbeatnic.github.io,pull image from ipfs_uri then upload to AR
63,JB NJ #0849,B_pinata_s3000,3000,GH_jb-nft-assets_baseURI,meta/avalanche/nature-jam-2/63,IPFS_Pinata_or_legacy,ipfs://QmTkpJRiupm4orVhe8grUBbLihcLYKrAMucvkb1Y7uLUGy,,False,22,SUI/22_N_S.jpg or przygotowane/,https://jackbeatnic.github.io,pull image from ipfs_uri then upload to AR
64,JB NJ #0850,B_pinata_s3000,3000,GH_jb-nft-assets_baseURI,meta/avalanche/nature-jam-2/64,IPFS_Pinata_or_legacy,ipfs://QmWob5UQYbGK9Pv9EEVqP7QpUqufRoCdHhRE6afRxFp199,,False,23,SUI/23_N_S.jpg or przygotowane/,https://jackbeatnic.github.io,pull image from ipfs_uri then upload to AR
65,JB NJ #0851,B_pinata_s3000,3000,GH_jb-nft-assets_baseURI,meta/avalanche/nature-jam-2/65,IPFS_Pinata_or_legacy,ipfs://QmTs8eZg4dU1PCzGsszgikmgzRDjp3FhQVJ9Lc7qC82SaD,,False,24,SUI/24_N_S.jpg or przygotowane/,https://jackbeatnic.github.io,pull image from ipfs_uri then upload to AR
66,JB NJ #0852,B_pinata_s3000,3000,GH_jb-nft-assets_baseURI,meta/avalanche/nature-jam-2/66,IPFS_Pinata_or_legacy,ipfs://QmSEjjj71z3KJ9GGhSNKZunaxx72QBrgS2EKu5fhg9Hdp2,,False,25,SUI/25_N_S.jpg or przygotowane/,https://jackbeatnic.github.io,pull image from ipfs_uri then upload to AR
67,JB NJ #0853,B_pinata_s3000,3000,GH_jb-nft-assets_baseURI,meta/avalanche/nature-jam-2/67,IPFS_Pinata_or_legacy,ipfs://QmZbyDWM6VfEhXboun1A4QjsupVDGGgumZxEYf3vVnVkUg,,False,26,SUI/26_N_S.jpg or przygotowane/,https://jackbeatnic.github.io,pull image from ipfs_uri then upload to AR
68,JB NJ #0854,B_pinata_s3000,3000,GH_jb-nft-assets_baseURI,meta/avalanche/nature-jam-2/68,IPFS_Pinata_or_legacy,ipfs://QmazzH38Us71vkmfBy4hPegSHrkTbajfc3io6RwZY8HUc5,,False,27,SUI/27_N_S.jpg or przygotowane/,https://jackbeatnic.github.io,pull image from ipfs_uri then upload to AR
69,JB NJ #0855,B_pinata_s3000,3000,GH_jb-nft-assets_baseURI,meta/avalanche/nature-jam-2/69,IPFS_Pinata_or_legacy,ipfs://Qma26uuEQ1mFGNZGUWHe6sQrw7GQfDeXKdDT114KZUF2Cr,,False,28,SUI/28_N_S.jpg or przygotowane/,https://jackbeatnic.github.io,pull image from ipfs_uri then upload to AR
70,JB NJ #0856,B_pinata_s3000,3000,GH_jb-nft-assets_baseURI,meta/avalanche/nature-jam-2/70,IPFS_Pinata_or_legacy,ipfs://Qmb9JXctwr6oQB4oHW9YidHzWkacdbkmhSB6E8iWjpGPZW,,False,29,SUI/29_N_S.jpg or przygotowane/,https://jackbeatnic.github.io,pull image from ipfs_uri then upload to AR
71,JB NJ #0857,B_pinata_s3000,3000,GH_jb-nft-assets_baseURI,meta/avalanche/nature-jam-2/71,IPFS_Pinata_or_legacy,ipfs://QmXoVK5aqPU8XmX8yNPZ7FyttCHw4RKDYgikVdRgMDUgWQ,,False,30,SUI/30_N_S.jpg or przygotowane/,https://jackbeatnic.github.io,pull image from ipfs_uri then upload to AR
72,JB NJ #0858,B_pinata_s3000,3000,GH_jb-nft-assets_baseURI,meta/avalanche/nature-jam-2/72,IPFS_Pinata_or_legacy,ipfs://Qmd7o8o1m3KoNgG62mrWDfWReCaC91rMLWAnPp4a8r1MMr,,False,31,SUI/31_N_S.jpg or przygotowane/,https://jackbeatnic.github.io,pull image from ipfs_uri then upload to AR
73,JB NJ #0859,B_pinata_s3000,3000,GH_jb-nft-assets_baseURI,meta/avalanche/nature-jam-2/73,IPFS_Pinata_or_legacy,ipfs://QmNYBTXEPJ2TXYTEaVBXSo6hvzG587wgmBy7FqxjaUwZCZ,,False,32,SUI/32_N_S.jpg or przygotowane/,https://jackbeatnic.github.io,pull image from ipfs_uri then upload to AR
74,JB NJ #0860,B_pinata_s3000,3000,GH_jb-nft-assets_baseURI,meta/avalanche/nature-jam-2/74,IPFS_Pinata_or_legacy,ipfs://QmQZfTvhLCL7F5sM2aWLm3u9Njo8BbGV1jvJSRSTwoJx6j,,False,33,SUI/33_N_S.jpg or przygotowane/,https://jackbeatnic.github.io,pull image from ipfs_uri then upload to AR
75,JB NJ #0861,B_pinata_s3000,3000,GH_jb-nft-assets_baseURI,meta/avalanche/nature-jam-2/75,IPFS_Pinata_or_legacy,ipfs://QmcadMb7a9pqdTx8EdM3W5jc5oy6d5BwtJFin7gqeNBkeq,,False,34,SUI/34_N_S.jpg or przygotowane/,https://jackbeatnic.github.io,pull image from ipfs_uri then upload to AR
76,JB NJ #0862,B_pinata_s3000,3000,GH_jb-nft-assets_baseURI,meta/avalanche/nature-jam-2/76,IPFS_Pinata_or_legacy,ipfs://QmcecoRKF91BFYCt27U2UNPUufLMsKpASy1s85qUPBcVmS,,False,35,SUI/35_N_S.jpg or przygotowane/,https://jackbeatnic.github.io,pull image from ipfs_uri then upload to AR
77,JB NJ #0863,B_pinata_s3000,3000,GH_jb-nft-assets_baseURI,meta/avalanche/nature-jam-2/77,IPFS_Pinata_or_legacy,ipfs://QmZt5haynVXueDS94de7zxbWntN1E9NEgtr29WCK4W3apm,,False,36,SUI/36_N_S.jpg or przygotowane/,https://jackbeatnic.github.io,pull image from ipfs_uri then upload to AR
78,JB NJ #0864,B_pinata_s3000,3000,GH_jb-nft-assets_baseURI,meta/avalanche/nature-jam-2/78,IPFS_Pinata_or_legacy,ipfs://QmSzhvnNuwg1e5sG4RacTRSnLdyuF1ezcaJ7hozUBMHWrx,,False,37,SUI/37_N_S.jpg or przygotowane/,https://jackbeatnic.github.io,pull image from ipfs_uri then upload to AR
79,JB NJ #0865,B_pinata_s3000,3000,GH_jb-nft-assets_baseURI,meta/avalanche/nature-jam-2/79,IPFS_Pinata_or_legacy,ipfs://QmRxcAnku7DXCbC9KnQvLnXf9fUfWqZ1GRD6dckJWDLgxL,,False,38,SUI/38_N_S.jpg or przygotowane/,https://jackbeatnic.github.io,pull image from ipfs_uri then upload to AR
80,JB NJ #0866,B_pinata_s3000,3000,GH_jb-nft-assets_baseURI,meta/avalanche/nature-jam-2/80,IPFS_Pinata_or_legacy,ipfs://QmfJ5FVUs6rvabJWniPzMYnhRXEFKQ1UYUQphptEMSnpKF,,False,39,SUI/39_N_S.jpg or przygotowane/,https://jackbeatnic.github.io,pull image from ipfs_uri then upload to AR
81,JB NJ #0867,B_pinata_s3000,3000,GH_jb-nft-assets_baseURI,meta/avalanche/nature-jam-2/81,IPFS_Pinata_or_legacy,ipfs://QmfFksukyYD1M2FZFkbbKC5bWp5ycfC6mAz5ZfXAKuFWaB,,False,40,SUI/40_N_S.jpg or przygotowane/,https://jackbeatnic.github.io,pull image from ipfs_uri then upload to AR
82,JB NJ #0868,B_pinata_s3000,3000,GH_jb-nft-assets_baseURI,meta/avalanche/nature-jam-2/82,IPFS_Pinata_or_legacy,ipfs://QmQLsGC2yYyHs7n7JeH6GcWiERpGLUoj9HZV4GE1UiDxRP,,False,41,SUI/41_N_S.jpg or przygotowane/,https://jackbeatnic.github.io,pull image from ipfs_uri then upload to AR
83,JB NJ #0869,B_pinata_s3000,3000,GH_jb-nft-assets_baseURI,meta/avalanche/nature-jam-2/83,IPFS_Pinata_or_legacy,ipfs://QmUkpvRojYtKJbEajtjbhkTvstCKjaCnaCpAvcsyBz8TH8,,False,42,SUI/42_N_S.jpg or przygotowane/,https://jackbeatnic.github.io,pull image from ipfs_uri then upload to AR
84,JB NJ #0870,B_pinata_s3000,3000,GH_jb-nft-assets_baseURI,meta/avalanche/nature-jam-2/84,IPFS_Pinata_or_legacy,ipfs://QmUvEmkb86JoXUVV3Pf1DAMSE7c2p3oP1cUmqjbeuPZ4Wd,,False,43,SUI/43_N_S.jpg or przygotowane/,https://jackbeatnic.github.io,pull image from ipfs_uri then upload to AR
85,JB NJ #0871,B_pinata_s3000,3000,GH_jb-nft-assets_baseURI,meta/avalanche/nature-jam-2/85,IPFS_Pinata_or_legacy,ipfs://QmSzf6L5EHfYHewJvNfj7uxrM9hVeSwBHgPGEq2suvckJq,,False,44,SUI/44_N_S.jpg or przygotowane/,https://jackbeatnic.github.io,pull image from ipfs_uri then upload to AR
86,JB NJ #0872,B_pinata_s3000,3000,GH_jb-nft-assets_baseURI,meta/avalanche/nature-jam-2/86,IPFS_Pinata_or_legacy,ipfs://QmPHtXZB7LN7GtM5mAXqorJjQdrq8t36MuEpR993ZAvtcJ,,False,45,SUI/45_N_S.jpg or przygotowane/,https://jackbeatnic.github.io,pull image from ipfs_uri then upload to AR
87,JB NJ #0873,B_pinata_s3000,3000,GH_jb-nft-assets_baseURI,meta/avalanche/nature-jam-2/87,IPFS_Pinata_or_legacy,ipfs://Qmcw4cJPrEFJF3tEje8nhMcWsvodBTvf822dEiX9Rt4Pk2,,False,46,SUI/46_N_S.jpg or przygotowane/,https://jackbeatnic.github.io,pull image from ipfs_uri then upload to AR
88,JB NJ #0874,B_pinata_s3000,3000,GH_jb-nft-assets_baseURI,meta/avalanche/nature-jam-2/88,IPFS_Pinata_or_legacy,ipfs://QmXEWDDWFcr6Xqg3b1gRnAKQVSHxdqePZMumo9gzuU2RQc,,False,47,SUI/47_N_S.jpg or przygotowane/,https://jackbeatnic.github.io,pull image from ipfs_uri then upload to AR
89,JB NJ #0875,B_pinata_s3000,3000,GH_jb-nft-assets_baseURI,meta/avalanche/nature-jam-2/89,IPFS_Pinata_or_legacy,ipfs://QmSJ4s9MNR756K2D6BFcYDMLz6x73nfccjNUYd98RyX8JD,,False,48,SUI/48_N_S.jpg or przygotowane/,https://jackbeatnic.github.io,pull image from ipfs_uri then upload to AR
90,JB NJ #0876,B_pinata_s3000,3000,GH_jb-nft-assets_baseURI,meta/avalanche/nature-jam-2/90,IPFS_Pinata_or_legacy,ipfs://QmVuGJG7aTo15SFAX3fw3WGJdsKVxSo3HDvuGXLYys7jbC,,False,49,SUI/49_N_S.jpg or przygotowane/,https://jackbeatnic.github.io,pull image from ipfs_uri then upload to AR
91,JB NJ #0877,B_pinata_s3000,3000,GH_jb-nft-assets_baseURI,meta/avalanche/nature-jam-2/91,IPFS_Pinata_or_legacy,ipfs://QmcEQBPvQTrWA8AFkjKkf59RHHYeXrAH6qDV88sX2ZnMx7,,False,50,SUI/50_N_S.jpg or przygotowane/,https://jackbeatnic.github.io,pull image from ipfs_uri then upload to AR
92,JB NJ #0878,B_pinata_s3000,3000,GH_jb-nft-assets_baseURI,meta/avalanche/nature-jam-2/92,IPFS_Pinata_or_legacy,ipfs://QmToggqCgQAB2irqFS7WBacypBw5whSwPVFEtEGV9tsARm,,False,51,SUI/51_N_S.jpg or przygotowane/,https://jackbeatnic.github.io,pull image from ipfs_uri then upload to AR
93,JB NJ #0879,B_pinata_s3000,3000,GH_jb-nft-assets_baseURI,meta/avalanche/nature-jam-2/93,IPFS_Pinata_or_legacy,ipfs://QmY5uNWCAmHCQSkS5Gt4EEGKLmTXfCKfg3x4NhuXgn1P2z,,False,52,SUI/52_N_S.jpg or przygotowane/,https://jackbeatnic.github.io,pull image from ipfs_uri then upload to AR
94,JB NJ #0880,B_pinata_s3000,3000,GH_jb-nft-assets_baseURI,meta/avalanche/nature-jam-2/94,IPFS_Pinata_or_legacy,ipfs://Qma4kHMGC8mb3urm1frHx9WJ8VCLdBhcVsmpbckwCF75Hk,,False,53,SUI/53_N_S.jpg or przygotowane/,https://jackbeatnic.github.io,pull image from ipfs_uri then upload to AR
95,JB NJ #0881,B_pinata_s3000,3000,GH_jb-nft-assets_baseURI,meta/avalanche/nature-jam-2/95,IPFS_Pinata_or_legacy,ipfs://QmTf8DZyJFy6TRiLcw4xe4j4bZBoGKXBnofsc87iU6Z6kD,,False,54,SUI/54_N_S.jpg or przygotowane/,https://jackbeatnic.github.io,pull image from ipfs_uri then upload to AR
96,JB NJ #0882,B_pinata_s3000,3000,GH_jb-nft-assets_baseURI,meta/avalanche/nature-jam-2/96,IPFS_Pinata_or_legacy,ipfs://QmS4uF9AdRsZRXkcQxt9X9DoBAiccLjQTWRtpivhoVq8wU,,False,55,SUI/55_N_S.jpg or przygotowane/,https://jackbeatnic.github.io,pull image from ipfs_uri then upload to AR
97,JB NJ #0883,B_pinata_s3000,3000,GH_jb-nft-assets_baseURI,meta/avalanche/nature-jam-2/97,IPFS_Pinata_or_legacy,ipfs://QmdgW3XPojwrVjfuzDwRnNGiLYEkHiWHojabbT226GZ2cS,,False,56,SUI/56_N_S.jpg or przygotowane/,https://jackbeatnic.github.io,pull image from ipfs_uri then upload to AR
98,JB NJ #0884,B_pinata_s3000,3000,GH_jb-nft-assets_baseURI,meta/avalanche/nature-jam-2/98,IPFS_Pinata_or_legacy,ipfs://QmQ6CWGGMhJWHkzCtXd1gJv1TPiudYjWnLFw8k8PzPZpGb,,False,57,SUI/57_N_S.jpg or przygotowane/,https://jackbeatnic.github.io,pull image from ipfs_uri then upload to AR
99,JB NJ #0885,B_pinata_s3000,3000,GH_jb-nft-assets_baseURI,meta/avalanche/nature-jam-2/99,IPFS_Pinata_or_legacy,ipfs://QmaMheJwCx6jHytfQJS6d2g7FmbtD4PQT2d5GHBvtDgTDH,,False,58,SUI/58_N_S.jpg or przygotowane/,https://jackbeatnic.github.io,pull image from ipfs_uri then upload to AR
100,JB NJ #0886,B_pinata_s3000,3000,GH_jb-nft-assets_baseURI,meta/avalanche/nature-jam-2/100,IPFS_Pinata_or_legacy,ipfs://QmW8zZLh7eQ5yQVqwxy8V6eZnJZH7dE2hCauCFd9eweJ2s,,False,59,SUI/59_N_S.jpg or przygotowane/,https://jackbeatnic.github.io,pull image from ipfs_uri then upload to AR
101,JB NJ #0887,B_pinata_s3000,3000,GH_jb-nft-assets_baseURI,meta/avalanche/nature-jam-2/101,IPFS_Pinata_or_legacy,ipfs://QmRUZTz66bCEXwZmz7DnePrxQJ9eaUqiwAyRRFtQNW9MyS,,False,60,SUI/60_N_S.jpg or przygotowane/,https://jackbeatnic.github.io,pull image from ipfs_uri then upload to AR
102,JB NJ #0888,B_pinata_s3000,3000,GH_jb-nft-assets_baseURI,meta/avalanche/nature-jam-2/102,IPFS_Pinata_or_legacy,ipfs://QmQZeHrRm9owDX7DU6RSbeSb1pf2mJRgFBkv14MsMrHMUT,,False,61,SUI/61_N_S.jpg or przygotowane/,https://jackbeatnic.github.io,pull image from ipfs_uri then upload to AR
103,JB NJ #0889,B_pinata_s3000,3000,GH_jb-nft-assets_baseURI,meta/avalanche/nature-jam-2/103,IPFS_Pinata_or_legacy,ipfs://QmQmWgGZvhg4QaRTppXwAE487AZFVmjK7U8PSVqgrY3CLu,,False,62,SUI/62_N_S.jpg or przygotowane/,https://jackbeatnic.github.io,pull image from ipfs_uri then upload to AR
104,JB NJ #0890,B_pinata_s3000,3000,GH_jb-nft-assets_baseURI,meta/avalanche/nature-jam-2/104,IPFS_Pinata_or_legacy,ipfs://QmUmsr5FLv54iPQvkHrJ3oGk6Js5cCbHS7o3vWvZC5BFRM,,False,63,SUI/63_N_S.jpg or przygotowane/,https://jackbeatnic.github.io,pull image from ipfs_uri then upload to AR
105,JB NJ #0891,B_pinata_s3000,3000,GH_jb-nft-assets_baseURI,meta/avalanche/nature-jam-2/105,IPFS_Pinata_or_legacy,ipfs://QmWttd9JgRrjBJhTcagMgDu7eZQDKemjis93NfxvhhTN1m,,False,64,SUI/64_N_S.jpg or przygotowane/,https://jackbeatnic.github.io,pull image from ipfs_uri then upload to AR
106,JB NJ #0892,B_pinata_s3000,3000,GH_jb-nft-assets_baseURI,meta/avalanche/nature-jam-2/106,IPFS_Pinata_or_legacy,ipfs://QmZ3R7cjJKokgmM1YRX2rDtNVkBjsdjXJzUXwwG39spkTg,,False,65,SUI/65_N_S.jpg or przygotowane/,https://jackbeatnic.github.io,pull image from ipfs_uri then upload to AR
107,JB NJ #0893,B_pinata_s3000,3000,GH_jb-nft-assets_baseURI,meta/avalanche/nature-jam-2/107,IPFS_Pinata_or_legacy,ipfs://QmdTUZf1dQT4eoouaFAM7waqMufsEzyymjZJku5VtpysVV,,False,66,SUI/66_N_S.jpg or przygotowane/,https://jackbeatnic.github.io,pull image from ipfs_uri then upload to AR
108,JB NJ #0894,B_pinata_s3000,3000,GH_jb-nft-assets_baseURI,meta/avalanche/nature-jam-2/108,IPFS_Pinata_or_legacy,ipfs://QmbKhTUWQqnjDM95LMZp8z2QQiYzmSLm2skzndtRhUwtnp,,False,67,SUI/67_N_S.jpg or przygotowane/,https://jackbeatnic.github.io,pull image from ipfs_uri then upload to AR
109,JB NJ #0895,B_pinata_s3000,3000,GH_jb-nft-assets_baseURI,meta/avalanche/nature-jam-2/109,IPFS_Pinata_or_legacy,ipfs://QmX8ckt6D1kft2wL2UMP3UYrhUfVD6g9sbapoWb2Qgr2Q6,,False,68,SUI/68_N_S.jpg or przygotowane/,https://jackbeatnic.github.io,pull image from ipfs_uri then upload to AR
110,JB NJ #0896,B_pinata_s3000,3000,GH_jb-nft-assets_baseURI,meta/avalanche/nature-jam-2/110,IPFS_Pinata_or_legacy,ipfs://QmdeaG5YvFCawhHRkYAdbxxfXLtwweoybYVwQKR76PPxYW,,False,69,SUI/69_N_S.jpg or przygotowane/,https://jackbeatnic.github.io,pull image from ipfs_uri then upload to AR
111,JB NJ #0897,B_pinata_s3000,3000,GH_jb-nft-assets_baseURI,meta/avalanche/nature-jam-2/111,IPFS_Pinata_or_legacy,ipfs://QmXFzwNnrQgSwhEXBadKdAwtgS8cMhSEWQcLH3bwmVXud3,,False,70,SUI/70_N_S.jpg or przygotowane/,https://jackbeatnic.github.io,pull image from ipfs_uri then upload to AR
112,JB NJ #0898,B_pinata_s3000,3000,GH_jb-nft-assets_baseURI,meta/avalanche/nature-jam-2/112,IPFS_Pinata_or_legacy,ipfs://QmYCrVi2eYqghF6tkFR9n8uGihWzoCULrEdXFDwNHhj6JS,,False,71,SUI/71_N_S.jpg or przygotowane/,https://jackbeatnic.github.io,pull image from ipfs_uri then upload to AR
113,JB NJ #0899,B_pinata_s3000,3000,GH_jb-nft-assets_baseURI,meta/avalanche/nature-jam-2/113,IPFS_Pinata_or_legacy,ipfs://QmVfnvBX6LANyW4EcKicoE1C1zT7i6R1SStsp65YW6uV1h,,False,72,SUI/72_N_S.jpg or przygotowane/,https://jackbeatnic.github.io,pull image from ipfs_uri then upload to AR
114,JB NJ #0900,B_pinata_s3000,3000,GH_jb-nft-assets_baseURI,meta/avalanche/nature-jam-2/114,IPFS_Pinata_or_legacy,ipfs://QmQRrCoCiDgbpjBPFSPVaAzrNi4DUEm9ay4GkAPKmvdWZP,,False,73,SUI/73_N_S.jpg or przygotowane/,https://jackbeatnic.github.io,pull image from ipfs_uri then upload to AR
115,JB NJ #0901,B_pinata_s3000,3000,GH_jb-nft-assets_baseURI,meta/avalanche/nature-jam-2/115,IPFS_Pinata_or_legacy,ipfs://QmUoMs65J3mA6jMJSvaBKeDjNLFtuEAbygRB74Hkynrk5s,,False,74,SUI/74_N_S.jpg or przygotowane/,https://jackbeatnic.github.io,pull image from ipfs_uri then upload to AR
116,JB NJ #0902,B_pinata_s3000,3000,GH_jb-nft-assets_baseURI,meta/avalanche/nature-jam-2/116,IPFS_Pinata_or_legacy,ipfs://QmRLXW786Q61v6ScQSC7eouvqWn7YuQc5ExDEdUmtYRBCt,,False,75,SUI/75_N_S.jpg or przygotowane/,https://jackbeatnic.github.io,pull image from ipfs_uri then upload to AR
117,JB NJ #0903,B_pinata_s3000,3000,GH_jb-nft-assets_baseURI,meta/avalanche/nature-jam-2/117,IPFS_Pinata_or_legacy,ipfs://QmYGNgyNGcDCo7RJdMMVXHGFK4W1thdjFzNfPyyP1MLoAd,,False,76,SUI/76_N_S.jpg or przygotowane/,https://jackbeatnic.github.io,pull image from ipfs_uri then upload to AR
118,JB NJ #0904,B_pinata_s3000,3000,GH_jb-nft-assets_baseURI,meta/avalanche/nature-jam-2/118,IPFS_Pinata_or_legacy,ipfs://QmTiWtu8QdPfK6H7SDUXowzTKXuyAT6WcEoCWqQWaU6e49,,False,77,SUI/77_N_S.jpg or przygotowane/,https://jackbeatnic.github.io,pull image from ipfs_uri then upload to AR
119,JB NJ #0905,B_pinata_s3000,3000,GH_jb-nft-assets_baseURI,meta/avalanche/nature-jam-2/119,IPFS_Pinata_or_legacy,ipfs://QmScA4VK5Vgs363rxMoFXn9xCHAKHD7TYRC84iregQkmkt,,False,78,SUI/78_N_S.jpg or przygotowane/,https://jackbeatnic.github.io,pull image from ipfs_uri then upload to AR
120,JB NJ #0906,B_pinata_s3000,3000,GH_jb-nft-assets_baseURI,meta/avalanche/nature-jam-2/120,IPFS_Pinata_or_legacy,ipfs://Qmaa6sK1Azb4TS7WY2BPoxYTtWPwi3xK7uUgT92c8GTv6w,,False,79,SUI/79_N_S.jpg or przygotowane/,https://jackbeatnic.github.io,pull image from ipfs_uri then upload to AR
121,JB NJ #0907,B_pinata_s3000,3000,GH_jb-nft-assets_baseURI,meta/avalanche/nature-jam-2/121,IPFS_Pinata_or_legacy,ipfs://QmZYb1Ni2zdY2D8NnTiwgEASzmURfBoXzo9pcARXdUciqP,,False,80,SUI/80_N_S.jpg or przygotowane/,https://jackbeatnic.github.io,pull image from ipfs_uri then upload to AR
122,JB NJ #0908,B_pinata_s3000,3000,GH_jb-nft-assets_baseURI,meta/avalanche/nature-jam-2/122,IPFS_Pinata_or_legacy,ipfs://QmTLPJoDErLzd2sKeP66tXFx69J1LMP57SoaU36q4G5zxW,,False,81,SUI/81_N_S.jpg or przygotowane/,https://jackbeatnic.github.io,pull image from ipfs_uri then upload to AR
123,JB NJ #0909,B_pinata_s3000,3000,GH_jb-nft-assets_baseURI,meta/avalanche/nature-jam-2/123,IPFS_Pinata_or_legacy,ipfs://QmPL9WeEGTqxa7Vqaztt6huGEWHYuLboATHP99m7dthZiJ,,False,82,SUI/82_N_S.jpg or przygotowane/,https://jackbeatnic.github.io,pull image from ipfs_uri then upload to AR
124,JB NJ #0910,B_pinata_s3000,3000,GH_jb-nft-assets_baseURI,meta/avalanche/nature-jam-2/124,IPFS_Pinata_or_legacy,ipfs://QmYUeiEdnL4NUtSsaq58y4xBqHQfYXCNs6sKAnXFEVCHqR,,False,83,SUI/83_N_S.jpg or przygotowane/,https://jackbeatnic.github.io,pull image from ipfs_uri then upload to AR
125,JB NJ #0911,B_pinata_s3000,3000,GH_jb-nft-assets_baseURI,meta/avalanche/nature-jam-2/125,IPFS_Pinata_or_legacy,ipfs://QmTGV69xNUfXkAqu1ASZt8Td8g11q1AZrntjXMcAZ2fuYg,,False,84,SUI/84_N_S.jpg or przygotowane/,https://jackbeatnic.github.io,pull image from ipfs_uri then upload to AR
126,JB NJ #0912,B_pinata_s3000,3000,GH_jb-nft-assets_baseURI,meta/avalanche/nature-jam-2/126,IPFS_Pinata_or_legacy,ipfs://QmRvoUm1Fyai5onHP5nBdBpZy7nYesMz2GsJbw3pYkL8Mj,,False,85,SUI/85_N_S.jpg or przygotowane/,https://jackbeatnic.github.io,pull image from ipfs_uri then upload to AR
127,JB NJ #0913,B_pinata_s3000,3000,GH_jb-nft-assets_baseURI,meta/avalanche/nature-jam-2/127,IPFS_Pinata_or_legacy,ipfs://QmWy2YddtBJTydwR3S5UJTjr68KNKup8osGe8W9yDNuYbB,,False,86,SUI/86_N_S.jpg or przygotowane/,https://jackbeatnic.github.io,pull image from ipfs_uri then upload to AR
128,JB NJ #0914,B_pinata_s3000,3000,GH_jb-nft-assets_baseURI,meta/avalanche/nature-jam-2/128,IPFS_Pinata_or_legacy,ipfs://QmbKHPPEeC7XAUEvYNjo5koifC7xUwX31Jo8AXVFE1yegi,,False,87,SUI/87_N_S.jpg or przygotowane/,https://jackbeatnic.github.io,pull image from ipfs_uri then upload to AR
129,JB NJ #0915,B_pinata_s3000,3000,GH_jb-nft-assets_baseURI,meta/avalanche/nature-jam-2/129,IPFS_Pinata_or_legacy,ipfs://QmdJBbjfjaSTJTMeYSbAKG1E67BdpZWdwVaWqoRgmiZyJu,,False,88,SUI/88_N_S.jpg or przygotowane/,https://jackbeatnic.github.io,pull image from ipfs_uri then upload to AR
130,JB NJ #0916,B_pinata_s3000,3000,GH_jb-nft-assets_baseURI,meta/avalanche/nature-jam-2/130,IPFS_Pinata_or_legacy,ipfs://QmVhWdWiZkGBNt1Ytxn4v22ZNxrUWZKcpgyLQF34tfFmem,,False,89,SUI/89_N_S.jpg or przygotowane/,https://jackbeatnic.github.io,pull image from ipfs_uri then upload to AR
131,JB NJ #0917,B_pinata_s3000,3000,GH_jb-nft-assets_baseURI,meta/avalanche/nature-jam-2/131,IPFS_Pinata_or_legacy,ipfs://QmYW4XveL9AuZeMZWKV1yKa2t44PY5wciQJuMGHkBmYvVC,,False,90,SUI/90_N_S.jpg or przygotowane/,https://jackbeatnic.github.io,pull image from ipfs_uri then upload to AR
132,JB NJ #0918,B_pinata_s3000,3000,GH_jb-nft-assets_baseURI,meta/avalanche/nature-jam-2/132,IPFS_Pinata_or_legacy,ipfs://QmNhJomwnpPW12WMSQnNkziqrTKKbxG73cAij9UwgLWaeG,,False,91,SUI/91_N_S.jpg or przygotowane/,https://jackbeatnic.github.io,pull image from ipfs_uri then upload to AR
133,JB NJ #0919,B_pinata_s3000,3000,GH_jb-nft-assets_baseURI,meta/avalanche/nature-jam-2/133,IPFS_Pinata_or_legacy,ipfs://QmbbU5FqECHG4TYtzZiTSg4cJUttRnEB9nix1fTJfH7ZrN,,False,92,SUI/92_N_S.jpg or przygotowane/,https://jackbeatnic.github.io,pull image from ipfs_uri then upload to AR
134,JB NJ #0920,B_pinata_s3000,3000,GH_jb-nft-assets_baseURI,meta/avalanche/nature-jam-2/134,IPFS_Pinata_or_legacy,ipfs://QmZFmaimad8UYAuoLch54MjrHHCTFN1vdMj5zwu7G5JrkV,,False,93,SUI/93_N_S.jpg or przygotowane/,https://jackbeatnic.github.io,pull image from ipfs_uri then upload to AR
135,JB NJ #0921,B_pinata_s3000,3000,GH_jb-nft-assets_baseURI,meta/avalanche/nature-jam-2/135,IPFS_Pinata_or_legacy,ipfs://QmbRc1BRpQzJpYux239KQrCxF6dTDpxhJX2uo18JBkS849,,False,94,SUI/94_N_S.jpg or przygotowane/,https://jackbeatnic.github.io,pull image from ipfs_uri then upload to AR
136,JB NJ #0922,B_pinata_s3000,3000,GH_jb-nft-assets_baseURI,meta/avalanche/nature-jam-2/136,IPFS_Pinata_or_legacy,ipfs://QmRF1j4WNRPeBBiqyNyi1BYbaJceVYeHLaJVjkc3RL9NdG,,False,95,SUI/95_N_S.jpg or przygotowane/,https://jackbeatnic.github.io,pull image from ipfs_uri then upload to AR
137,JB NJ #0923,B_pinata_s3000,3000,GH_jb-nft-assets_baseURI,meta/avalanche/nature-jam-2/137,IPFS_Pinata_or_legacy,ipfs://QmYeRrVLz1tmGRYce5UsS9QaLMNHsLDqgpHqvGhkvs9qgb,,False,96,SUI/96_N_S.jpg or przygotowane/,https://jackbeatnic.github.io,pull image from ipfs_uri then upload to AR
138,JB NJ #0924,B_pinata_s3000,3000,GH_jb-nft-assets_baseURI,meta/avalanche/nature-jam-2/138,IPFS_Pinata_or_legacy,ipfs://QmPWsJepRiuSgELnf8HzQs65uUv81Ap3cUrNFt7ZsXHvXQ,,False,97,SUI/97_N_S.jpg or przygotowane/,https://jackbeatnic.github.io,pull image from ipfs_uri then upload to AR
139,JB NJ #0925,B_pinata_s3000,3000,GH_jb-nft-assets_baseURI,meta/avalanche/nature-jam-2/139,IPFS_Pinata_or_legacy,ipfs://Qmb7pJKi3eYYhiGhfQhj7xTjoV6f15riSxnCKb54Ky4y8W,,False,98,SUI/98_N_S.jpg or przygotowane/,https://jackbeatnic.github.io,pull image from ipfs_uri then upload to AR
140,JB NJ #0926,B_pinata_s3000,3000,GH_jb-nft-assets_baseURI,meta/avalanche/nature-jam-2/140,IPFS_Pinata_or_legacy,ipfs://QmRX8UAU7Dz2yXpkrLFLvSu42n5rKQHHfSEHhEUSXzih54,,False,99,SUI/99_N_S.jpg or przygotowane/,https://jackbeatnic.github.io,pull image from ipfs_uri then upload to AR
141,JB NJ #0927,B_pinata_s3000,3000,GH_jb-nft-assets_baseURI,meta/avalanche/nature-jam-2/141,IPFS_Pinata_or_legacy,ipfs://QmadagKzhvVncNheY6yEA9QuEE4mJxtMC8qssZ9hXWrUv9,,False,100,SUI/100_N_S.jpg or przygotowane/,https://jackbeatnic.github.io,pull image from ipfs_uri then upload to AR
142,JB NJ #0928,B_pinata_s3000,3000,GH_jb-nft-assets_baseURI,meta/avalanche/nature-jam-2/142,IPFS_Pinata_or_legacy,ipfs://QmTJmGxWsuRAZiEwN8fZu3iZSRMfTim1w7SqYy43oQZDX5,,False,101,SUI/101_N_S.jpg or przygotowane/,https://jackbeatnic.github.io,pull image from ipfs_uri then upload to AR
143,JB NJ #0929,B_pinata_s3000,3000,GH_jb-nft-assets_baseURI,meta/avalanche/nature-jam-2/143,IPFS_Pinata_or_legacy,ipfs://QmXwxtebbkr9rXNjWH4DqHYz5dog8Y7zCfc8weDknZ3YMz,,False,102,SUI/102_N_S.jpg or przygotowane/,https://jackbeatnic.github.io,pull image from ipfs_uri then upload to AR
144,JB NJ #0930,B_pinata_s3000,3000,GH_jb-nft-assets_baseURI,meta/avalanche/nature-jam-2/144,IPFS_Pinata_or_legacy,ipfs://QmVLfrxxKZL5r2vP9vDx1tH3UbF9dbqfJRy5S8tqVZCzGk,,False,103,SUI/103_N_S.jpg or przygotowane/,https://jackbeatnic.github.io,pull image from ipfs_uri then upload to AR
145,JB NJ #0931,B_pinata_s3000,3000,GH_jb-nft-assets_baseURI,meta/avalanche/nature-jam-2/145,IPFS_Pinata_or_legacy,ipfs://QmSCpgFvbKTmymdp6yUawJfnnTzCWhXW1rAUDGMqn6jQvb,,False,104,SUI/104_N_S.jpg or przygotowane/,https://jackbeatnic.github.io,pull image from ipfs_uri then upload to AR
146,JB NJ #0932,B_pinata_s3000,3000,GH_jb-nft-assets_baseURI,meta/avalanche/nature-jam-2/146,IPFS_Pinata_or_legacy,ipfs://QmUE4S1cd2E63rKcqWoNx1VfdoNLT5oVamWYj6ubKXks8y,,False,105,SUI/105_N_S.jpg or przygotowane/,https://jackbeatnic.github.io,pull image from ipfs_uri then upload to AR
147,JB NJ #0933,B_pinata_s3000,3000,GH_jb-nft-assets_baseURI,meta/avalanche/nature-jam-2/147,IPFS_Pinata_or_legacy,ipfs://QmXxbrEcJjhYsnHBxgXiPT4rNTAqFDBzVxVbHzQHr3djTD,,False,106,SUI/106_N_S.jpg or przygotowane/,https://jackbeatnic.github.io,pull image from ipfs_uri then upload to AR
148,JB NJ #0934,B_pinata_s3000,3000,GH_jb-nft-assets_baseURI,meta/avalanche/nature-jam-2/148,IPFS_Pinata_or_legacy,ipfs://QmYBpGUe3GSdPhPubSMH6hhvGDc2FizisTABqLdz5Ph25M,,False,107,SUI/107_N_S.jpg or przygotowane/,https://jackbeatnic.github.io,pull image from ipfs_uri then upload to AR
149,JB NJ #0935,B_pinata_s3000,3000,GH_jb-nft-assets_baseURI,meta/avalanche/nature-jam-2/149,IPFS_Pinata_or_legacy,ipfs://QmUKUuCywUagESBPPRmyJYx7wVQLXGE91TgDRK89RhkmGj,,False,108,SUI/108_N_S.jpg or przygotowane/,https://jackbeatnic.github.io,pull image from ipfs_uri then upload to AR
150,JB NJ #0936,B_pinata_s3000,3000,GH_jb-nft-assets_baseURI,meta/avalanche/nature-jam-2/150,IPFS_Pinata_or_legacy,ipfs://QmPAMNzUgKYV5V37zGzV98UPT5vubha4rLwZwhJxyZ1cZh,,False,109,SUI/109_N_S.jpg or przygotowane/,https://jackbeatnic.github.io,pull image from ipfs_uri then upload to AR
151,JB NJ #0937,B_pinata_s3000,3000,GH_jb-nft-assets_baseURI,meta/avalanche/nature-jam-2/151,IPFS_Pinata_or_legacy,ipfs://QmcTFHu4Di8RPqZGQGnDz4Z57k3rbyRQhkEnPbR6H87aYM,,False,110,SUI/110_N_S.jpg or przygotowane/,https://jackbeatnic.github.io,pull image from ipfs_uri then upload to AR
152,JB NJ #0938,B_pinata_s3000,3000,GH_jb-nft-assets_baseURI,meta/avalanche/nature-jam-2/152,IPFS_Pinata_or_legacy,ipfs://QmaZPRpWdZAQrCKhjHKzJVKTAEB1tZ7iUEyCkN6cqnZfbv,,False,111,SUI/111_N_S.jpg or przygotowane/,https://jackbeatnic.github.io,pull image from ipfs_uri then upload to AR
153,JB NJ #0939,B_pinata_s3000,3000,GH_jb-nft-assets_baseURI,meta/avalanche/nature-jam-2/153,IPFS_Pinata_or_legacy,ipfs://QmdhzkrLPiZLKeeZc2YaG2YA5xTxPHu3LTJWQhSvDw4obs,,False,112,SUI/112_N_S.jpg or przygotowane/,https://jackbeatnic.github.io,pull image from ipfs_uri then upload to AR
154,JB NJ #0940,B_pinata_s3000,3000,GH_jb-nft-assets_baseURI,meta/avalanche/nature-jam-2/154,IPFS_Pinata_or_legacy,ipfs://QmZJJFejhqjyS8uhLJmb2aSSPj7UCxXd6dhtWm8QjqEA1Q,,False,113,SUI/113_N_S.jpg or przygotowane/,https://jackbeatnic.github.io,pull image from ipfs_uri then upload to AR
155,JB NJ #0941,B_pinata_s3000,3000,GH_jb-nft-assets_baseURI,meta/avalanche/nature-jam-2/155,IPFS_Pinata_or_legacy,ipfs://QmR8iJPseCFuoLo81FAEJkhi3tT6Q1T3YgMQcnHBYdAwC4,,False,114,SUI/114_N_S.jpg or przygotowane/,https://jackbeatnic.github.io,pull image from ipfs_uri then upload to AR
156,JB NJ #0942,B_pinata_s3000,3000,GH_jb-nft-assets_baseURI,meta/avalanche/nature-jam-2/156,IPFS_Pinata_or_legacy,ipfs://QmZezRqVqsTkPR6P6rgoKNPQrHv8hUu6gN65fhqvrDm4QN,,False,115,SUI/115_N_S.jpg or przygotowane/,https://jackbeatnic.github.io,pull image from ipfs_uri then upload to AR
157,JB NJ #0943,B_pinata_s3000,3000,GH_jb-nft-assets_baseURI,meta/avalanche/nature-jam-2/157,IPFS_Pinata_or_legacy,ipfs://QmR9pPrWTYXECpjGTxJEFu7CbKADsrNSvNkctiSf2M6jTF,,False,116,SUI/116_N_S.jpg or przygotowane/,https://jackbeatnic.github.io,pull image from ipfs_uri then upload to AR
158,JB NJ #0944,B_pinata_s3000,3000,GH_jb-nft-assets_baseURI,meta/avalanche/nature-jam-2/158,IPFS_Pinata_or_legacy,ipfs://Qmc15WoNvu46Q2rLVkVRboZX5ixLnGDukoDe6DmconBVG9,,False,117,SUI/117_N_S.jpg or przygotowane/,https://jackbeatnic.github.io,pull image from ipfs_uri then upload to AR
159,JB NJ #0945,B_pinata_s3000,3000,GH_jb-nft-assets_baseURI,meta/avalanche/nature-jam-2/159,IPFS_Pinata_or_legacy,ipfs://QmPQY6u4SBPTivn7LQGS7APaJR67Q5WQpqpjFUFX33NFKx,,False,118,SUI/118_N_S.jpg or przygotowane/,https://jackbeatnic.github.io,pull image from ipfs_uri then upload to AR
160,JB NJ #0946,B_pinata_s3000,3000,GH_jb-nft-assets_baseURI,meta/avalanche/nature-jam-2/160,IPFS_Pinata_or_legacy,ipfs://QmP1uYa3pdQ1H8UF2pHH6t9HkkWYXyowvyZhiexDtnwiNh,,False,119,SUI/119_N_S.jpg or przygotowane/,https://jackbeatnic.github.io,pull image from ipfs_uri then upload to AR
161,JB NJ #0947,B_pinata_s3000,3000,GH_jb-nft-assets_baseURI,meta/avalanche/nature-jam-2/161,IPFS_Pinata_or_legacy,ipfs://QmTpgpE8d8Xo9GFMaghvSZwTp3hGQofDRrHA9DMVY6pwUS,,False,120,SUI/120_N_S.jpg or przygotowane/,https://jackbeatnic.github.io,pull image from ipfs_uri then upload to AR
162,JB NJ #0948,B_pinata_s3000,3000,GH_jb-nft-assets_baseURI,meta/avalanche/nature-jam-2/162,IPFS_Pinata_or_legacy,ipfs://QmaotheCpuFwnzxX67K7EBLUFxBRgxwM8eBcPCyfvVQqxp,,False,121,SUI/121_N_S.jpg or przygotowane/,https://jackbeatnic.github.io,pull image from ipfs_uri then upload to AR
163,JB NJ #0949,B_pinata_s3000,3000,GH_jb-nft-assets_baseURI,meta/avalanche/nature-jam-2/163,IPFS_Pinata_or_legacy,ipfs://QmQh5SFCyUdy6TV3dUuPpCkRv4t6bpLuPj6UtyTH3oytaL,,False,122,SUI/122_N_S.jpg or przygotowane/,https://jackbeatnic.github.io,pull image from ipfs_uri then upload to AR
164,JB NJ #0950,B_pinata_s3000,3000,GH_jb-nft-assets_baseURI,meta/avalanche/nature-jam-2/164,IPFS_Pinata_or_legacy,ipfs://QmcggRskHHgfsTxhKJxbrnKbN3Rfq7CNWd64LApNApYFP4,,False,123,SUI/123_N_S.jpg or przygotowane/,https://jackbeatnic.github.io,pull image from ipfs_uri then upload to AR
165,JB NJ #0951,B_pinata_s3000,3000,GH_jb-nft-assets_baseURI,meta/avalanche/nature-jam-2/165,IPFS_Pinata_or_legacy,ipfs://QmSeaY8R1fMd5GcPcg6QV9sadBCKv45cqBnbM4a34vHSD9,,False,124,SUI/124_N_S.jpg or przygotowane/,https://jackbeatnic.github.io,pull image from ipfs_uri then upload to AR
166,JB NJ #0952,B_pinata_s3000,3000,GH_jb-nft-assets_baseURI,meta/avalanche/nature-jam-2/166,IPFS_Pinata_or_legacy,ipfs://QmP2mRYdHGVVu6JMCcFg6dcDH2dzeD9ck5eyRjRQpL6RwP,,False,125,SUI/125_N_S.jpg or przygotowane/,https://jackbeatnic.github.io,pull image from ipfs_uri then upload to AR
167,JB NJ #0953,B_pinata_s3000,3000,GH_jb-nft-assets_baseURI,meta/avalanche/nature-jam-2/167,IPFS_Pinata_or_legacy,ipfs://QmNh9ktp2u7NKhZqkfQMsMQejer93DnzKDFzNDHeX5LDxR,,False,126,SUI/126_N_S.jpg or przygotowane/,https://jackbeatnic.github.io,pull image from ipfs_uri then upload to AR
168,JB NJ #0954,B_pinata_s3000,3000,GH_jb-nft-assets_baseURI,meta/avalanche/nature-jam-2/168,IPFS_Pinata_or_legacy,ipfs://QmPU4B4m4ywG6Vb4zaiuYZ5KDGqyqb4htJjtnAgf8MdVgy,,False,127,SUI/127_N_S.jpg or przygotowane/,https://jackbeatnic.github.io,pull image from ipfs_uri then upload to AR
169,JB NJ #0955,B_pinata_s3000,3000,GH_jb-nft-assets_baseURI,meta/avalanche/nature-jam-2/169,IPFS_Pinata_or_legacy,ipfs://QmXXqC9iLhcXcxzs8w497aETvUYJ5xjw6TwKVfeBjrUuPG,,False,128,SUI/128_N_S.jpg or przygotowane/,https://jackbeatnic.github.io,pull image from ipfs_uri then upload to AR
170,JB NJ #0956,B_pinata_s3000,3000,GH_jb-nft-assets_baseURI,meta/avalanche/nature-jam-2/170,IPFS_Pinata_or_legacy,ipfs://QmVBpHZ2ieMjvs9utTC7qec6msXi5srnE77k3txs89NkC5,,False,129,SUI/129_N_S.jpg or przygotowane/,https://jackbeatnic.github.io,pull image from ipfs_uri then upload to AR
171,JB NJ #0957,B_pinata_s3000,3000,GH_jb-nft-assets_baseURI,meta/avalanche/nature-jam-2/171,IPFS_Pinata_or_legacy,ipfs://QmNmKzxCBsLTcpWxwm39wFXppXThWn9KETtkByyxNJEnFq,,False,130,SUI/130_N_S.jpg or przygotowane/,https://jackbeatnic.github.io,pull image from ipfs_uri then upload to AR
172,JB NJ #0958,B_pinata_s3000,3000,GH_jb-nft-assets_baseURI,meta/avalanche/nature-jam-2/172,IPFS_Pinata_or_legacy,ipfs://QmUQ81Ba1fWwyCdDPbY5BVdgjqvyFau44rXQjr6vgVghE5,,False,131,SUI/131_N_S.jpg or przygotowane/,https://jackbeatnic.github.io,pull image from ipfs_uri then upload to AR
173,JB NJ #0959,B_pinata_s3000,3000,GH_jb-nft-assets_baseURI,meta/avalanche/nature-jam-2/173,IPFS_Pinata_or_legacy,ipfs://Qmdp9Vs6Vsq4bHd87hn81bMFTbZwwGtbqu6et3nLqkL9PL,,False,132,SUI/132_N_S.jpg or przygotowane/,https://jackbeatnic.github.io,pull image from ipfs_uri then upload to AR
174,JB NJ #0960,B_pinata_s3000,3000,GH_jb-nft-assets_baseURI,meta/avalanche/nature-jam-2/174,IPFS_Pinata_or_legacy,ipfs://QmWKKPSE5iQYgPc5bymewxk6EyYUTTCL22xP1jUuL6fMoh,,False,133,SUI/133_N_S.jpg or przygotowane/,https://jackbeatnic.github.io,pull image from ipfs_uri then upload to AR
175,JB NJ #0961,B_pinata_s3000,3000,GH_jb-nft-assets_baseURI,meta/avalanche/nature-jam-2/175,IPFS_Pinata_or_legacy,ipfs://QmfKfyVT7pHNrKnoK2mCnp6WbEXQdWVGaxjWVpz9sKpos2,,False,134,SUI/134_N_S.jpg or przygotowane/,https://jackbeatnic.github.io,pull image from ipfs_uri then upload to AR
176,JB NJ #0962,B_pinata_s3000,3000,GH_jb-nft-assets_baseURI,meta/avalanche/nature-jam-2/176,IPFS_Pinata_or_legacy,ipfs://QmR1kJcuHHzLfS2uhE4JDSyfy5ZzgbQ28wzdukU99B1d1k,,False,135,SUI/135_N_S.jpg or przygotowane/,https://jackbeatnic.github.io,pull image from ipfs_uri then upload to AR
177,JB NJ #0963,B_pinata_s3000,3000,GH_jb-nft-assets_baseURI,meta/avalanche/nature-jam-2/177,IPFS_Pinata_or_legacy,ipfs://QmTc5hD1kYpJZ5aBfzyw7npkT4kKJh42NHYahMBHTaREQF,,False,136,SUI/136_N_S.jpg or przygotowane/,https://jackbeatnic.github.io,pull image from ipfs_uri then upload to AR
178,JB NJ #0964,B_pinata_s3000,3000,GH_jb-nft-assets_baseURI,meta/avalanche/nature-jam-2/178,IPFS_Pinata_or_legacy,ipfs://QmSwdBDZQQ92DAKpGkGWC6oUcnuzgb7Ncjvfb1eHWykAdU,,False,137,SUI/137_N_S.jpg or przygotowane/,https://jackbeatnic.github.io,pull image from ipfs_uri then upload to AR
179,JB NJ #0965,B_pinata_s3000,3000,GH_jb-nft-assets_baseURI,meta/avalanche/nature-jam-2/179,IPFS_Pinata_or_legacy,ipfs://QmPzysFt6AgUocaQbCypnip6p2CaedRWanEkMuxsMVE7hR,,False,138,SUI/138_N_S.jpg or przygotowane/,https://jackbeatnic.github.io,pull image from ipfs_uri then upload to AR
180,JB NJ #0966,B_pinata_s3000,3000,GH_jb-nft-assets_baseURI,meta/avalanche/nature-jam-2/180,IPFS_Pinata_or_legacy,ipfs://QmNhVXegV3TsWqz3KHQKuh4CYpGrg2RnawNGKechaxFbkk,,False,139,SUI/139_N_S.jpg or przygotowane/,https://jackbeatnic.github.io,pull image from ipfs_uri then upload to AR
181,JB NJ #0967,B_pinata_s3000,3000,GH_jb-nft-assets_baseURI,meta/avalanche/nature-jam-2/181,IPFS_Pinata_or_legacy,ipfs://QmZp1Kx3qNkjtayvwwoE5z7jxhePTa2jNZ8KL42goNnPCQ,,False,140,SUI/140_N_S.jpg or przygotowane/,https://jackbeatnic.github.io,pull image from ipfs_uri then upload to AR
182,JB NJ #0968,B_pinata_s3000,3000,GH_jb-nft-assets_baseURI,meta/avalanche/nature-jam-2/182,IPFS_Pinata_or_legacy,ipfs://QmYfnE8frAzAZMBpvCciZp8cyx3hS7EoiuQNHETEnRwQns,,False,141,SUI/141_N_S.jpg or przygotowane/,https://jackbeatnic.github.io,pull image from ipfs_uri then upload to AR
183,JB NJ #0969,B_pinata_s3000,3000,GH_jb-nft-assets_baseURI,meta/avalanche/nature-jam-2/183,IPFS_Pinata_or_legacy,ipfs://Qmdg3ok9TXnn6p9QSyBVCaQ8tvt92MXVSD8Mpv5S48EXS8,,False,142,SUI/142_N_S.jpg or przygotowane/,https://jackbeatnic.github.io,pull image from ipfs_uri then upload to AR
184,JB NJ #0970,B_pinata_s3000,3000,GH_jb-nft-assets_baseURI,meta/avalanche/nature-jam-2/184,IPFS_Pinata_or_legacy,ipfs://QmXyJ9h9hoheUpXKtBQFdeSMTUQ2TncF5RTS8eXWVBSiD2,,False,143,SUI/143_N_S.jpg or przygotowane/,https://jackbeatnic.github.io,pull image from ipfs_uri then upload to AR
185,JB NJ #0971,B_pinata_s3000,3000,GH_jb-nft-assets_baseURI,meta/avalanche/nature-jam-2/185,IPFS_Pinata_or_legacy,ipfs://QmaLit7rE3phTZEbAWmVx7uoFvwaSU3ZmcK79KrMbH9FxU,,False,144,SUI/144_N_S.jpg or przygotowane/,https://jackbeatnic.github.io,pull image from ipfs_uri then upload to AR
186,JB NJ #0972,B_pinata_s3000,3000,GH_jb-nft-assets_baseURI,meta/avalanche/nature-jam-2/186,IPFS_Pinata_or_legacy,ipfs://QmehULCbWtTwJJDZ3Fq2fixDMhUpdinpzeNSwcAVoXCc6r,,False,145,SUI/145_N_S.jpg or przygotowane/,https://jackbeatnic.github.io,pull image from ipfs_uri then upload to AR
187,JB NJ #0973,B_pinata_s3000,3000,GH_jb-nft-assets_baseURI,meta/avalanche/nature-jam-2/187,IPFS_Pinata_or_legacy,ipfs://QmYQJxELfosNtdhKL9n8r3Bphh72ZnkPE3hMNhB9kYarsP,,False,146,SUI/146_N_S.jpg or przygotowane/,https://jackbeatnic.github.io,pull image from ipfs_uri then upload to AR
188,JB NJ #0974,B_pinata_s3000,3000,GH_jb-nft-assets_baseURI,meta/avalanche/nature-jam-2/188,IPFS_Pinata_or_legacy,ipfs://QmR9tBzdNFKfo5KTx9TPLJLUYDYiysp3fyZLSC3EAHNEbw,,False,147,SUI/147_N_S.jpg or przygotowane/,https://jackbeatnic.github.io,pull image from ipfs_uri then upload to AR
189,JB NJ #0975,B_pinata_s3000,3000,GH_jb-nft-assets_baseURI,meta/avalanche/nature-jam-2/189,IPFS_Pinata_or_legacy,ipfs://QmRBzMykXTvoHPKSELfJZZvWFnJKavixo5TSbPh9rAn15B,,False,148,SUI/148_N_S.jpg or przygotowane/,https://jackbeatnic.github.io,pull image from ipfs_uri then upload to AR
190,JB NJ #0976,B_pinata_s3000,3000,GH_jb-nft-assets_baseURI,meta/avalanche/nature-jam-2/190,IPFS_Pinata_or_legacy,ipfs://QmQY7aL4vw9dWo45UnUoBjxebLoLHs1Ko4jzmZ9Fta3BzA,,False,149,SUI/149_N_S.jpg or przygotowane/,https://jackbeatnic.github.io,pull image from ipfs_uri then upload to AR
191,JB NJ #0977,B_pinata_s3000,3000,GH_jb-nft-assets_baseURI,meta/avalanche/nature-jam-2/191,IPFS_Pinata_or_legacy,ipfs://QmZpV54s3jM1a9siaaTYWURLCozh91SP9aG9DfggagQccV,,False,150,SUI/150_N_S.jpg or przygotowane/,https://jackbeatnic.github.io,pull image from ipfs_uri then upload to AR
192,JB NJ #0978,B_pinata_s3000,3000,GH_jb-nft-assets_baseURI,meta/avalanche/nature-jam-2/192,IPFS_Pinata_or_legacy,ipfs://QmZfh4LsbNC4TMX6z9fx1vLJwnsquh4ZzQWMc8CU8Mzrz4,,False,151,SUI/151_N_S.jpg or przygotowane/,https://jackbeatnic.github.io,pull image from ipfs_uri then upload to AR
193,JB NJ #0979,B_pinata_s3000,3000,GH_jb-nft-assets_baseURI,meta/avalanche/nature-jam-2/193,IPFS_Pinata_or_legacy,ipfs://Qmf3ZarDDZrgakPoP3JH9mQk2BMhxhsK6s5vw6GjeJEvpm,,False,152,SUI/152_N_S.jpg or przygotowane/,https://jackbeatnic.github.io,pull image from ipfs_uri then upload to AR
194,JB NJ #0980,B_pinata_s3000,3000,GH_jb-nft-assets_baseURI,meta/avalanche/nature-jam-2/194,IPFS_Pinata_or_legacy,ipfs://QmfDK87HU7ySFc8iLagLqJMtzTNTB6s8pYxRd19hUjyV5a,,False,153,SUI/153_N_S.jpg or przygotowane/,https://jackbeatnic.github.io,pull image from ipfs_uri then upload to AR
195,JB NJ #0981,B_pinata_s3000,3000,GH_jb-nft-assets_baseURI,meta/avalanche/nature-jam-2/195,IPFS_Pinata_or_legacy,ipfs://QmXCsQw3LtFWABtYvsZc5e8aMp6VSc4Eq2pBJqdjPNdQno,,False,154,SUI/154_N_S.jpg or przygotowane/,https://jackbeatnic.github.io,pull image from ipfs_uri then upload to AR
196,JB NJ #0982,B_pinata_s3000,3000,GH_jb-nft-assets_baseURI,meta/avalanche/nature-jam-2/196,IPFS_Pinata_or_legacy,ipfs://QmY8QhvtKiYGQrxh5HDGGurc17sM9X8q5cRQsiuoBUY4gg,,False,155,SUI/155_N_S.jpg or przygotowane/,https://jackbeatnic.github.io,pull image from ipfs_uri then upload to AR
197,JB NJ #0983,B_pinata_s3000,3000,GH_jb-nft-assets_baseURI,meta/avalanche/nature-jam-2/197,IPFS_Pinata_or_legacy,ipfs://QmX6SU4Zaw5AQder5WTJ5U17gndySCUayKEm7gzXqS1MGs,,False,156,SUI/156_N_S.jpg or przygotowane/,https://jackbeatnic.github.io,pull image from ipfs_uri then upload to AR
198,JB NJ #0984,B_pinata_s3000,3000,GH_jb-nft-assets_baseURI,meta/avalanche/nature-jam-2/198,IPFS_Pinata_or_legacy,ipfs://QmachszpqqA4KQChrVPeQyyAgaVJL8Zghh3zmH1WBFHPrH,,False,157,SUI/157_N_S.jpg or przygotowane/,https://jackbeatnic.github.io,pull image from ipfs_uri then upload to AR
199,JB NJ #0985,B_pinata_s3000,3000,GH_jb-nft-assets_baseURI,meta/avalanche/nature-jam-2/199,IPFS_Pinata_or_legacy,ipfs://Qmb8esUAq4S5mTV5543EmUkxAMKnrEB4bmrFfExawCixFW,,False,158,SUI/158_N_S.jpg or przygotowane/,https://jackbeatnic.github.io,pull image from ipfs_uri then upload to AR
200,JB NJ #0986,B_pinata_s3000,3000,GH_jb-nft-assets_baseURI,meta/avalanche/nature-jam-2/200,IPFS_Pinata_or_legacy,ipfs://QmbeW2zymrAEdtZDduMUX5vQWMYyARgwx6PcDye3CZCsLD,,False,159,SUI/159_N_S.jpg or przygotowane/,https://jackbeatnic.github.io,pull image from ipfs_uri then upload to AR
201,JB NJ #0987,B_pinata_s3000,3000,GH_jb-nft-assets_baseURI,meta/avalanche/nature-jam-2/201,IPFS_Pinata_or_legacy,ipfs://QmTQ2vsTMBtcvAbyBnkughPWkh6AiJUqCk9NBe9LQERZQx,,False,160,SUI/160_N_S.jpg or przygotowane/,https://jackbeatnic.github.io,pull image from ipfs_uri then upload to AR
202,JB NJ #0988,B_pinata_s3000,3000,GH_jb-nft-assets_baseURI,meta/avalanche/nature-jam-2/202,IPFS_Pinata_or_legacy,ipfs://QmPjyGUmTPvLkgshPVPKVQhXkHVxHpnytdqG1CTogNSVom,,False,161,SUI/161_N_S.jpg or przygotowane/,https://jackbeatnic.github.io,pull image from ipfs_uri then upload to AR
203,JB NJ #0989,B_pinata_s3000,3000,GH_jb-nft-assets_baseURI,meta/avalanche/nature-jam-2/203,IPFS_Pinata_or_legacy,ipfs://QmRtJpdbqdXVjUpiFjAzLez8TEpbDnLzgEuDkS7RuwE776,,False,162,SUI/162_N_S.jpg or przygotowane/,https://jackbeatnic.github.io,pull image from ipfs_uri then upload to AR
204,JB NJ #0990,B_pinata_s3000,3000,GH_jb-nft-assets_baseURI,meta/avalanche/nature-jam-2/204,IPFS_Pinata_or_legacy,ipfs://QmVNtWMvXmHknE4fCvWhQACtF6qzC2dhor4HcD17TYBFWh,,False,163,SUI/163_N_S.jpg or przygotowane/,https://jackbeatnic.github.io,pull image from ipfs_uri then upload to AR
205,JB NJ #0991,B_pinata_s3000,3000,GH_jb-nft-assets_baseURI,meta/avalanche/nature-jam-2/205,IPFS_Pinata_or_legacy,ipfs://QmVqzqGeYkJYN8YXjuWJM2ut58x2r1CimNj3duCRNQvhhB,,False,164,SUI/164_N_S.jpg or przygotowane/,https://jackbeatnic.github.io,pull image from ipfs_uri then upload to AR
206,JB NJ #0992,B_pinata_s3000,3000,GH_jb-nft-assets_baseURI,meta/avalanche/nature-jam-2/206,IPFS_Pinata_or_legacy,ipfs://QmcUzuCpgt13dtVMbzp9yJjTexbKxBXyXsuLthcX1KoRdN,,False,165,SUI/165_N_S.jpg or przygotowane/,https://jackbeatnic.github.io,pull image from ipfs_uri then upload to AR
207,JB NJ #0993,B_pinata_s3000,3000,GH_jb-nft-assets_baseURI,meta/avalanche/nature-jam-2/207,IPFS_Pinata_or_legacy,ipfs://QmczWaqyjMW9y2z4sRsz6rq9yz22VokCPeqqzF1QroVyuq,,False,166,SUI/166_N_S.jpg or przygotowane/,https://jackbeatnic.github.io,pull image from ipfs_uri then upload to AR
208,JB NJ #0994,B_pinata_s3000,3000,GH_jb-nft-assets_baseURI,meta/avalanche/nature-jam-2/208,IPFS_Pinata_or_legacy,ipfs://QmTzxdx7jEvu6rGpduQQ1nhAk76Da1dpnZkjUb7xX5yntK,,False,167,SUI/167_N_S.jpg or przygotowane/,https://jackbeatnic.github.io,pull image from ipfs_uri then upload to AR
209,JB NJ #0995,B_pinata_s3000,3000,GH_jb-nft-assets_baseURI,meta/avalanche/nature-jam-2/209,IPFS_Pinata_or_legacy,ipfs://QmVNXQVebXfBG29tXHY93m74Xdjjcxbw4rYL1RowPgsWDD,,False,168,SUI/168_N_S.jpg or przygotowane/,https://jackbeatnic.github.io,pull image from ipfs_uri then upload to AR
210,JB NJ #0996,B_pinata_s3000,3000,GH_jb-nft-assets_baseURI,meta/avalanche/nature-jam-2/210,IPFS_Pinata_or_legacy,ipfs://QmP8oSufBYPcCg5neTi6CAN3uQZiAQj4CQLTSSXjRr7bbe,,False,169,SUI/169_N_S.jpg or przygotowane/,https://jackbeatnic.github.io,pull image from ipfs_uri then upload to AR
211,JB NJ #0997,B_pinata_s3000,3000,GH_jb-nft-assets_baseURI,meta/avalanche/nature-jam-2/211,IPFS_Pinata_or_legacy,ipfs://QmSjWaS2xFExsJjAuvXxp7k8eU49d7WmZfBCk8qRB5jasq,,False,170,SUI/170_N_S.jpg or przygotowane/,https://jackbeatnic.github.io,pull image from ipfs_uri then upload to AR
212,JB NJ #0998,B_pinata_s3000,3000,GH_jb-nft-assets_baseURI,meta/avalanche/nature-jam-2/212,IPFS_Pinata_or_legacy,ipfs://QmVTR4UjXwyYjENaDRNisK755do1YJh9RPfF3V9DVKwhKu,,False,171,SUI/171_N_S.jpg or przygotowane/,https://jackbeatnic.github.io,pull image from ipfs_uri then upload to AR
213,JB NJ #0999,B_pinata_s3000,3000,GH_jb-nft-assets_baseURI,meta/avalanche/nature-jam-2/213,IPFS_Pinata_or_legacy,ipfs://QmdLjCrfSUGu3eh2GiAstzA1BraqqcQ7Zde1X2TsbcfRWW,,False,172,SUI/172_N_S.jpg or przygotowane/,https://jackbeatnic.github.io,pull image from ipfs_uri then upload to AR
214,JB NJ #1000,B_pinata_s3000,3000,GH_jb-nft-assets_baseURI,meta/avalanche/nature-jam-2/214,IPFS_Pinata_or_legacy,ipfs://QmeJ8ousyjdWqst5jA5Bic5fcLfi4HvxHc8QG8oCHVVPxQ,,False,173,SUI/173_N_S.jpg or przygotowane/,https://jackbeatnic.github.io,pull image from ipfs_uri then upload to AR
215,JB NJ #1001,B_pinata_s3000,3000,GH_jb-nft-assets_baseURI,meta/avalanche/nature-jam-2/215,IPFS_Pinata_or_legacy,ipfs://QmSpUfw8C1Cm13qH1VKxqLb3qkSK8SpwuL9WZwEVZWuN4u,,False,174,SUI/174_N_S.jpg or przygotowane/,https://jackbeatnic.github.io,pull image from ipfs_uri then upload to AR
216,JB NJ #1002,B_pinata_s3000,3000,GH_jb-nft-assets_baseURI,meta/avalanche/nature-jam-2/216,IPFS_Pinata_or_legacy,ipfs://QmRrHTRQiNaifw9VPDCebEAjQjra61CH4ngrrj5PyejhP2,,False,175,SUI/175_N_S.jpg or przygotowane/,https://jackbeatnic.github.io,pull image from ipfs_uri then upload to AR
217,JB NJ #1003,B_pinata_s3000,3000,GH_jb-nft-assets_baseURI,meta/avalanche/nature-jam-2/217,IPFS_Pinata_or_legacy,ipfs://QmSkXbgB8zmqNdfZu6qWpzViVdNnPCBDh8Q88XEeqJJuMW,,False,176,SUI/176_N_S.jpg or przygotowane/,https://jackbeatnic.github.io,pull image from ipfs_uri then upload to AR
218,JB NJ #1004,B_pinata_s3000,3000,GH_jb-nft-assets_baseURI,meta/avalanche/nature-jam-2/218,IPFS_Pinata_or_legacy,ipfs://QmeooAeft2bBUsAZAhFHKiB75uavTMCTE82btB2nvcW1P6,,False,177,SUI/177_N_S.jpg or przygotowane/,https://jackbeatnic.github.io,pull image from ipfs_uri then upload to AR
219,JB NJ #1005,B_pinata_s3000,3000,GH_jb-nft-assets_baseURI,meta/avalanche/nature-jam-2/219,IPFS_Pinata_or_legacy,ipfs://QmU5z6T22ABkP3Tu11SiWBqqBZy31yjrRn8FmtrBevJB5Z,,False,178,SUI/178_N_S.jpg or przygotowane/,https://jackbeatnic.github.io,pull image from ipfs_uri then upload to AR
220,JB NJ #1006,B_pinata_s3000,3000,GH_jb-nft-assets_baseURI,meta/avalanche/nature-jam-2/220,IPFS_Pinata_or_legacy,ipfs://QmXJF7V4F6BdzgdLHhczSRvU1VmLRCrEihnDJ1sy53mn48,,False,179,SUI/179_N_S.jpg or przygotowane/,https://jackbeatnic.github.io,pull image from ipfs_uri then upload to AR
221,JB NJ #1007,B_pinata_s3000,3000,GH_jb-nft-assets_baseURI,meta/avalanche/nature-jam-2/221,IPFS_Pinata_or_legacy,ipfs://QmVWHo1z3xKwV4556uzTyMBDEvyD6MVeM8u8noNMuMu79y,,False,180,SUI/180_N_S.jpg or przygotowane/,https://jackbeatnic.github.io,pull image from ipfs_uri then upload to AR
222,JB NJ #1008,B_pinata_s3000,3000,GH_jb-nft-assets_baseURI,meta/avalanche/nature-jam-2/222,IPFS_Pinata_or_legacy,ipfs://QmVaxkGbueoFb3gQc5v9eHANRWfomLTdJH1bkaZ2pJUAw6,,False,181,SUI/181_N_S.jpg or przygotowane/,https://jackbeatnic.github.io,pull image from ipfs_uri then upload to AR
223,JB NJ #1009,B_pinata_s3000,3000,GH_jb-nft-assets_baseURI,meta/avalanche/nature-jam-2/223,IPFS_Pinata_or_legacy,ipfs://QmfCQaZkN4bQZUtF7NkA7ZQ256TWDR91JYqG3DMwb5ZZR3,,False,182,SUI/182_N_S.jpg or przygotowane/,https://jackbeatnic.github.io,pull image from ipfs_uri then upload to AR
224,JB NJ #1010,B_pinata_s3000,3000,GH_jb-nft-assets_baseURI,meta/avalanche/nature-jam-2/224,IPFS_Pinata_or_legacy,ipfs://QmWUtGLmH2hGREvXJtG7J1FKruLZfN9VMCEWekBkVmgSEp,,False,183,SUI/183_N_S.jpg or przygotowane/,https://jackbeatnic.github.io,pull image from ipfs_uri then upload to AR
225,JB NJ #1011,B_pinata_s3000,3000,GH_jb-nft-assets_baseURI,meta/avalanche/nature-jam-2/225,IPFS_Pinata_or_legacy,ipfs://QmYWpdEhNC1521PAbcfgBevXfSJgNdt6WurNeBW5bWgX84,,False,184,SUI/184_N_S.jpg or przygotowane/,https://jackbeatnic.github.io,pull image from ipfs_uri then upload to AR
226,JB NJ #1012,B_pinata_s3000,3000,GH_jb-nft-assets_baseURI,meta/avalanche/nature-jam-2/226,IPFS_Pinata_or_legacy,ipfs://Qmaoc9oGtGfgujqEA8bBz7DkjZZ6hmjwwmCwitJZ399M67,,False,185,SUI/185_N_S.jpg or przygotowane/,https://jackbeatnic.github.io,pull image from ipfs_uri then upload to AR
227,JB NJ #1013,B_pinata_s3000,3000,GH_jb-nft-assets_baseURI,meta/avalanche/nature-jam-2/227,IPFS_Pinata_or_legacy,ipfs://QmYLHBDoVm8ooAe6oTiv9CqdTEMQvQBFmHrvENNTfUZL2K,,False,186,SUI/186_N_S.jpg or przygotowane/,https://jackbeatnic.github.io,pull image from ipfs_uri then upload to AR
228,JB NJ #1014,B_pinata_s3000,3000,GH_jb-nft-assets_baseURI,meta/avalanche/nature-jam-2/228,IPFS_Pinata_or_legacy,ipfs://QmdeDLET19VC4R1pSeusmFDTaiuzHKa7TdmSUuGCejqk1y,,False,187,SUI/187_N_S.jpg or przygotowane/,https://jackbeatnic.github.io,pull image from ipfs_uri then upload to AR
229,JB NJ #1015,B_pinata_s3000,3000,GH_jb-nft-assets_baseURI,meta/avalanche/nature-jam-2/229,IPFS_Pinata_or_legacy,ipfs://Qma5XBh5uzpM2EUH6wPytd3maGBrfg8xveKvJfvbU9MkhF,,False,188,SUI/188_N_S.jpg or przygotowane/,https://jackbeatnic.github.io,pull image from ipfs_uri then upload to AR
230,JB NJ #1016,B_pinata_s3000,3000,GH_jb-nft-assets_baseURI,meta/avalanche/nature-jam-2/230,IPFS_Pinata_or_legacy,ipfs://QmQwyQ4sBK4okVChW83fH1MCMMmu6tRTPUvUZpZdRh8w3t,,False,189,SUI/189_N_S.jpg or przygotowane/,https://jackbeatnic.github.io,pull image from ipfs_uri then upload to AR
231,JB NJ #1017,B_pinata_s3000,3000,GH_jb-nft-assets_baseURI,meta/avalanche/nature-jam-2/231,IPFS_Pinata_or_legacy,ipfs://QmXf478EjrtPptr1NQK9WvHJ1pNNQyTtBD2fJ8UFgkUnog,,False,190,SUI/190_N_S.jpg or przygotowane/,https://jackbeatnic.github.io,pull image from ipfs_uri then upload to AR
232,JB NJ #1018,B_pinata_s3000,3000,GH_jb-nft-assets_baseURI,meta/avalanche/nature-jam-2/232,IPFS_Pinata_or_legacy,ipfs://Qma7hgNeg3wX8uUi5zSgmyU4TbUPUTqVDS2HPKMFUVQtrr,,False,191,SUI/191_N_S.jpg or przygotowane/,https://jackbeatnic.github.io,pull image from ipfs_uri then upload to AR
233,JB NJ #1019,B_pinata_s3000,3000,GH_jb-nft-assets_baseURI,meta/avalanche/nature-jam-2/233,IPFS_Pinata_or_legacy,ipfs://QmUwjrD5ypYkGsgHgox3g7xZGoou6za6j5ZMeHwUQsPpeo,,False,192,SUI/192_N_S.jpg or przygotowane/,https://jackbeatnic.github.io,pull image from ipfs_uri then upload to AR
234,JB NJ #1020,B_pinata_s3000,3000,GH_jb-nft-assets_baseURI,meta/avalanche/nature-jam-2/234,IPFS_Pinata_or_legacy,ipfs://QmcEevVgUBDm24g5uX34tNcHSMcRZtnvZJXrdZ1ythAHff,,False,193,SUI/193_N_S.jpg or przygotowane/,https://jackbeatnic.github.io,pull image from ipfs_uri then upload to AR
235,JB NJ #1021,B_pinata_s3000,3000,GH_jb-nft-assets_baseURI,meta/avalanche/nature-jam-2/235,IPFS_Pinata_or_legacy,ipfs://QmRo6C28Q3gq1QTucUX7F3N6rAiRUfbUU3jECkNS1neFG5,,False,194,SUI/194_N_S.jpg or przygotowane/,https://jackbeatnic.github.io,pull image from ipfs_uri then upload to AR
236,JB NJ #1022,B_pinata_s3000,3000,GH_jb-nft-assets_baseURI,meta/avalanche/nature-jam-2/236,IPFS_Pinata_or_legacy,ipfs://QmUrFHFoLepRx7PHsVFdAyuTz8rYx7Jswowh518BjtFyZ6,,False,195,SUI/195_N_S.jpg or przygotowane/,https://jackbeatnic.github.io,pull image from ipfs_uri then upload to AR
237,JB NJ #1023,B_pinata_s3000,3000,GH_jb-nft-assets_baseURI,meta/avalanche/nature-jam-2/237,IPFS_Pinata_or_legacy,ipfs://Qmc15ax5mSeJSzTof2euwx4UBZNrJCNpx5UHVsBQuKUmEr,,False,196,SUI/196_N_S.jpg or przygotowane/,https://jackbeatnic.github.io,pull image from ipfs_uri then upload to AR
238,JB NJ #1024,B_pinata_s3000,3000,GH_jb-nft-assets_baseURI,meta/avalanche/nature-jam-2/238,IPFS_Pinata_or_legacy,ipfs://QmVFKFDUFtbrrQCGbAsJ7iDE3sMTvmVjFoVQ75TxBmiWM7,,False,197,SUI/197_N_S.jpg or przygotowane/,https://jackbeatnic.github.io,pull image from ipfs_uri then upload to AR
239,JB NJ #1025,B_pinata_s3000,3000,GH_jb-nft-assets_baseURI,meta/avalanche/nature-jam-2/239,IPFS_Pinata_or_legacy,ipfs://QmQcxSt5C6Veup2qX7brsXWevt1TxaaBJg7BFcT3tHAaTp,,False,198,SUI/198_N_S.jpg or przygotowane/,https://jackbeatnic.github.io,pull image from ipfs_uri then upload to AR
240,JB NJ #1026,B_pinata_s3000,3000,GH_jb-nft-assets_baseURI,meta/avalanche/nature-jam-2/240,IPFS_Pinata_or_legacy,ipfs://QmVuf8JVU6xsRYfzsqnThAmJ4eHqVnyitFZahoQVcvAr5a,,False,199,SUI/199_N_S.jpg or przygotowane/,https://jackbeatnic.github.io,pull image from ipfs_uri then upload to AR
241,JB NJ #1027,B_pinata_s3000,3000,GH_jb-nft-assets_baseURI,meta/avalanche/nature-jam-2/241,IPFS_Pinata_or_legacy,ipfs://QmRsAp7wavXXGLMDungZRmwoRxkfH8hDvkG1Ey6ieVjvUg,,False,200,SUI/200_N_S.jpg or przygotowane/,https://jackbeatnic.github.io,pull image from ipfs_uri then upload to AR
242,JB NJ #1028,B_pinata_s3000,3000,GH_jb-nft-assets_baseURI,meta/avalanche/nature-jam-2/242,IPFS_Pinata_or_legacy,ipfs://QmYHnLm4BcjRKSCVbBrWFZcMtNi5pEHxPng1Vm8Hp2F2ek,,False,201,SUI/201_N_S.jpg or przygotowane/,https://jackbeatnic.github.io,pull image from ipfs_uri then upload to AR
243,JB NJ #1029,B_pinata_s3000,3000,GH_jb-nft-assets_baseURI,meta/avalanche/nature-jam-2/243,IPFS_Pinata_or_legacy,ipfs://QmRfk6hpvJ6X5rh11HyyzXA31AjKeHEz25k8xCzgtAgyT6,,False,202,SUI/202_N_S.jpg or przygotowane/,https://jackbeatnic.github.io,pull image from ipfs_uri then upload to AR
244,JB NJ #1030,B_pinata_s3000,3000,GH_jb-nft-assets_baseURI,meta/avalanche/nature-jam-2/244,IPFS_Pinata_or_legacy,ipfs://QmZBVwGAVuSK9dksN2xPTEk9omMSeP1D51TAoq5McjVUYw,,False,203,SUI/203_N_S.jpg or przygotowane/,https://jackbeatnic.github.io,pull image from ipfs_uri then upload to AR
245,JB NJ #1031,B_pinata_s3000,3000,GH_jb-nft-assets_baseURI,meta/avalanche/nature-jam-2/245,IPFS_Pinata_or_legacy,ipfs://QmRhLiVrv9jZr64Q48mLjJJBPed8ZvmF3kUHmxVcrwzUma,,False,204,SUI/204_N_S.jpg or przygotowane/,https://jackbeatnic.github.io,pull image from ipfs_uri then upload to AR
246,JB NJ #1032,B_pinata_s3000,3000,GH_jb-nft-assets_baseURI,meta/avalanche/nature-jam-2/246,IPFS_Pinata_or_legacy,ipfs://Qmbf27TqCtSvt4VKsSCWxaA1wzadAbiAfZLEt3SAZmx6Tf,,False,205,SUI/205_N_S.jpg or przygotowane/,https://jackbeatnic.github.io,pull image from ipfs_uri then upload to AR
247,JB NJ #1033,B_pinata_s3000,3000,GH_jb-nft-assets_baseURI,meta/avalanche/nature-jam-2/247,IPFS_Pinata_or_legacy,ipfs://QmVEmbNNvwx6JoNGEXVgzFsK616GWwCcJZs3KEtFu1EGmE,,False,206,SUI/206_N_S.jpg or przygotowane/,https://jackbeatnic.github.io,pull image from ipfs_uri then upload to AR
248,JB NJ #1034,B_pinata_s3000,3000,GH_jb-nft-assets_baseURI,meta/avalanche/nature-jam-2/248,IPFS_Pinata_or_legacy,ipfs://QmXQF4gpbKFC7tuE21N9naC7qrwfTQprbJQpDWsn7VpDVd,,False,207,SUI/207_N_S.jpg or przygotowane/,https://jackbeatnic.github.io,pull image from ipfs_uri then upload to AR
249,JB NJ #1035,B_pinata_s3000,3000,GH_jb-nft-assets_baseURI,meta/avalanche/nature-jam-2/249,IPFS_Pinata_or_legacy,ipfs://QmXP3HMA4AvgzTUxBxB3TgWVeV4A2nS3P4md7ozr2tsyAD,,False,208,SUI/208_N_S.jpg or przygotowane/,https://jackbeatnic.github.io,pull image from ipfs_uri then upload to AR
250,JB NJ #1036,B_pinata_s3000,3000,GH_jb-nft-assets_baseURI,meta/avalanche/nature-jam-2/250,IPFS_Pinata_or_legacy,ipfs://QmeJh5skFkX3GPZmE4tPTKowodUQPNfCs8mzhciq3Pkjnk,,False,209,SUI/209_N_S.jpg or przygotowane/,https://jackbeatnic.github.io,pull image from ipfs_uri then upload to AR
251,JB NJ #1037,B_pinata_s3000,3000,GH_jb-nft-assets_baseURI,meta/avalanche/nature-jam-2/251,IPFS_Pinata_or_legacy,ipfs://QmNUPm4R2VR1nZMaRdJ52j1G6mGNKeTvyTLEANCQrzmRjg,,False,210,SUI/210_N_S.jpg or przygotowane/,https://jackbeatnic.github.io,pull image from ipfs_uri then upload to AR
252,JB NJ #1038,B_pinata_s3000,3000,GH_jb-nft-assets_baseURI,meta/avalanche/nature-jam-2/252,IPFS_Pinata_or_legacy,ipfs://QmeCJSXeWdp9tF7fmP3FSKkJbfod4jGCNcQ6rEQEUzDn31,,False,211,SUI/211_N_S.jpg or przygotowane/,https://jackbeatnic.github.io,pull image from ipfs_uri then upload to AR
253,JB NJ #1039,B_pinata_s3000,3000,GH_jb-nft-assets_baseURI,meta/avalanche/nature-jam-2/253,IPFS_Pinata_or_legacy,ipfs://QmZSSdghjQS4Rp8jjqz9sn8mmD3JGsxLWK6isRtvPYRZEh,,False,212,SUI/212_N_S.jpg or przygotowane/,https://jackbeatnic.github.io,pull image from ipfs_uri then upload to AR
254,JB NJ #1040,B_pinata_s3000,3000,GH_jb-nft-assets_baseURI,meta/avalanche/nature-jam-2/254,IPFS_Pinata_or_legacy,ipfs://QmSbocT6U6f1ZiVJTdj3DCsp6GrtVznTU6qdLoVed4p24r,,False,213,SUI/213_N_S.jpg or przygotowane/,https://jackbeatnic.github.io,pull image from ipfs_uri then upload to AR
255,JB NJ #1041,B_pinata_s3000,3000,GH_jb-nft-assets_baseURI,meta/avalanche/nature-jam-2/255,IPFS_Pinata_or_legacy,ipfs://QmaR93vZZYzrNgXkQPizy88L34C7R2LJ3VJMmYLVWkj1sC,,False,214,SUI/214_N_S.jpg or przygotowane/,https://jackbeatnic.github.io,pull image from ipfs_uri then upload to AR
256,JB NJ #1042,B_pinata_s3000,3000,GH_jb-nft-assets_baseURI,meta/avalanche/nature-jam-2/256,IPFS_Pinata_or_legacy,ipfs://QmcXZgzTqpwDB9eFx5fXTyMuuZbLScoE9bSP7beMagdXDu,,False,215,SUI/215_N_S.jpg or przygotowane/,https://jackbeatnic.github.io,pull image from ipfs_uri then upload to AR
257,JB NJ #1043,B_pinata_s3000,3000,GH_jb-nft-assets_baseURI,meta/avalanche/nature-jam-2/257,IPFS_Pinata_or_legacy,ipfs://Qma8MfyTvhf1V8TLKsa3bfn5eP19YN2zRvSsb1th3JckVa,,False,216,SUI/216_N_S.jpg or przygotowane/,https://jackbeatnic.github.io,pull image from ipfs_uri then upload to AR
258,JB NJ #1044,B_pinata_s3000,3000,GH_jb-nft-assets_baseURI,meta/avalanche/nature-jam-2/258,IPFS_Pinata_or_legacy,ipfs://QmXDsRFND1S1bDUtqXxD5EVL8KA2odvm2nUZ5Ztd9GoHb7,,False,217,SUI/217_N_S.jpg or przygotowane/,https://jackbeatnic.github.io,pull image from ipfs_uri then upload to AR
259,JB NJ #1045,B_pinata_s3000,3000,GH_jb-nft-assets_baseURI,meta/avalanche/nature-jam-2/259,IPFS_Pinata_or_legacy,ipfs://QmemPz6TeFdgW1iLagaGuhDMu4SuUmZgWr2GZzZ7Pw67DG,,False,218,SUI/218_N_S.jpg or przygotowane/,https://jackbeatnic.github.io,pull image from ipfs_uri then upload to AR
260,JB NJ #1046,B_pinata_s3000,3000,GH_jb-nft-assets_baseURI,meta/avalanche/nature-jam-2/260,IPFS_Pinata_or_legacy,ipfs://QmTHr18soYnYassKvCNgiZoCJUbidVSeJknPMgPgwqyv8z,,False,219,SUI/219_N_S.jpg or przygotowane/,https://jackbeatnic.github.io,pull image from ipfs_uri then upload to AR
261,JB NJ #1047,B_pinata_s3000,3000,GH_jb-nft-assets_baseURI,meta/avalanche/nature-jam-2/261,IPFS_Pinata_or_legacy,ipfs://QmYxRqoiVEVDEeYQu5LfZ9k1qTqordFGWN5mLZBbgHw3jz,,False,220,SUI/220_N_S.jpg or przygotowane/,https://jackbeatnic.github.io,pull image from ipfs_uri then upload to AR
262,JB NJ #1048,B_pinata_s3000,3000,GH_jb-nft-assets_baseURI,meta/avalanche/nature-jam-2/262,IPFS_Pinata_or_legacy,ipfs://QmbBAnQ5oTGZ2XcouFVpZgazViPAV59r9bSntv7UTLJdFr,,False,221,SUI/221_N_S.jpg or przygotowane/,https://jackbeatnic.github.io,pull image from ipfs_uri then upload to AR
263,JB NJ #1049,B_pinata_s3000,3000,GH_jb-nft-assets_baseURI,meta/avalanche/nature-jam-2/263,IPFS_Pinata_or_legacy,ipfs://Qmbw4qf78Ktjtz469J36Gxg7uajYbiCeZi6XSVG8gKYJWY,,False,222,SUI/222_N_S.jpg or przygotowane/,https://jackbeatnic.github.io,pull image from ipfs_uri then upload to AR
264,JB NJ #1050,B_pinata_s3000,3000,GH_jb-nft-assets_baseURI,meta/avalanche/nature-jam-2/264,IPFS_Pinata_or_legacy,ipfs://QmaGszgxg9d2hgD2QyStAwRMCd5Sogf5JDcWA3soUYeFuv,,False,223,SUI/223_N_S.jpg or przygotowane/,https://jackbeatnic.github.io,pull image from ipfs_uri then upload to AR
265,JB NJ #1051,B_pinata_s3000,3000,GH_jb-nft-assets_baseURI,meta/avalanche/nature-jam-2/265,IPFS_Pinata_or_legacy,ipfs://QmTmX6mK4QvSMVqrRTMX5zkEZGGzpVNZMDGnLSNMiMBD5M,,False,224,SUI/224_N_S.jpg or przygotowane/,https://jackbeatnic.github.io,pull image from ipfs_uri then upload to AR
266,JB NJ #1052,B_pinata_s3000,3000,GH_jb-nft-assets_baseURI,meta/avalanche/nature-jam-2/266,IPFS_Pinata_or_legacy,ipfs://QmYyXMQZoP8UHrJ5GxpZw5sWAYGXLnpWyQwQdBw9Zpv69v,,False,225,SUI/225_N_S.jpg or przygotowane/,https://jackbeatnic.github.io,pull image from ipfs_uri then upload to AR
267,JB NJ #1053,B_pinata_s3000,3000,GH_jb-nft-assets_baseURI,meta/avalanche/nature-jam-2/267,IPFS_Pinata_or_legacy,ipfs://QmfTGZyvgxG3GKpRKwtT4uQUiKCVmaS11gLS3NrPkJGTCq,,False,226,SUI/226_N_S.jpg or przygotowane/,https://jackbeatnic.github.io,pull image from ipfs_uri then upload to AR
268,JB NJ #1054,B_pinata_s3000,3000,GH_jb-nft-assets_baseURI,meta/avalanche/nature-jam-2/268,IPFS_Pinata_or_legacy,ipfs://QmXoS7thVrUjR75A2qkJj6wjVqGWSZEW3oeQ88vdhUDuWh,,False,227,SUI/227_N_S.jpg or przygotowane/,https://jackbeatnic.github.io,pull image from ipfs_uri then upload to AR
269,JB NJ #1055,B_pinata_s3000,3000,GH_jb-nft-assets_baseURI,meta/avalanche/nature-jam-2/269,IPFS_Pinata_or_legacy,ipfs://QmdyG3G74n6sR7oyyM4cahq6RmKC9e9uQ4fv5NqodogrSB,,False,228,SUI/228_N_S.jpg or przygotowane/,https://jackbeatnic.github.io,pull image from ipfs_uri then upload to AR
270,JB NJ #1056,C_os_selfmint_s3000,3000,GH_jb-nft-assets_baseURI,meta/avalanche/nature-jam-2/270,GH_jb-nft-assets,https://jackbeatnic.github.io/jb-nft-assets/media/nature-jam-2/270.jpg,media/nature-jam-2/270.jpg,True,229,SUI/229_N_S.jpg or przygotowane/,https://jackbeatnic.github.io,copy gh_media_file
271,JB NJ #1057,D_gh_assets_s3000,3000,GH_jb-nft-assets_baseURI,meta/avalanche/nature-jam-2/271,GH_jb-nft-assets,https://jackbeatnic.github.io/jb-nft-assets/media/nature-jam-2/271.jpg,media/nature-jam-2/271.jpg,True,230,SUI/230_N_S.jpg or przygotowane/,https://jackbeatnic.github.io,copy gh_media_file
272,JB NJ #1058,D_gh_assets_s3000,3000,GH_jb-nft-assets_baseURI,meta/avalanche/nature-jam-2/272,GH_jb-nft-assets,https://jackbeatnic.github.io/jb-nft-assets/media/nature-jam-2/272.jpg,media/nature-jam-2/272.jpg,True,231,SUI/231_N_S.jpg or przygotowane/,https://jackbeatnic.github.io,copy gh_media_file
273,JB NJ #1059,D_gh_assets_s3000,3000,GH_jb-nft-assets_baseURI,meta/avalanche/nature-jam-2/273,GH_jb-nft-assets,https://jackbeatnic.github.io/jb-nft-assets/media/nature-jam-2/273.jpg,media/nature-jam-2/273.jpg,True,232,SUI/232_N_S.jpg or przygotowane/,https://jackbeatnic.github.io,copy gh_media_file
274,JB NJ #1060,D_gh_assets_s3000,3000,GH_jb-nft-assets_baseURI,meta/avalanche/nature-jam-2/274,GH_jb-nft-assets,https://jackbeatnic.github.io/jb-nft-assets/media/nature-jam-2/274.jpg,media/nature-jam-2/274.jpg,True,233,SUI/233_N_S.jpg or przygotowane/,https://jackbeatnic.github.io,copy gh_media_file
275,JB NJ #1061,D_gh_assets_s3000,3000,GH_jb-nft-assets_baseURI,meta/avalanche/nature-jam-2/275,GH_jb-nft-assets,https://jackbeatnic.github.io/jb-nft-assets/media/nature-jam-2/275.jpg,media/nature-jam-2/275.jpg,True,234,SUI/234_N_S.jpg or przygotowane/,https://jackbeatnic.github.io,copy gh_media_file
276,JB NJ #1062,D_gh_assets_s3000,3000,GH_jb-nft-assets_baseURI,meta/avalanche/nature-jam-2/276,GH_jb-nft-assets,https://jackbeatnic.github.io/jb-nft-assets/media/nature-jam-2/276.jpg,media/nature-jam-2/276.jpg,True,235,SUI/235_N_S.jpg or przygotowane/,https://jackbeatnic.github.io,copy gh_media_file
277,JB NJ #1063,D_gh_assets_s3000,3000,GH_jb-nft-assets_baseURI,meta/avalanche/nature-jam-2/277,GH_jb-nft-assets,https://jackbeatnic.github.io/jb-nft-assets/media/nature-jam-2/277.jpg,media/nature-jam-2/277.jpg,True,236,SUI/236_N_S.jpg or przygotowane/,https://jackbeatnic.github.io,copy gh_media_file
278,JB NJ #1064,D_gh_assets_s3000,3000,GH_jb-nft-assets_baseURI,meta/avalanche/nature-jam-2/278,GH_jb-nft-assets,https://jackbeatnic.github.io/jb-nft-assets/media/nature-jam-2/278.jpg,media/nature-jam-2/278.jpg,True,237,SUI/237_N_S.jpg or przygotowane/,https://jackbeatnic.github.io,copy gh_media_file
279,JB NJ #1065,D_gh_assets_s3000,3000,GH_jb-nft-assets_baseURI,meta/avalanche/nature-jam-2/279,GH_jb-nft-assets,https://jackbeatnic.github.io/jb-nft-assets/media/nature-jam-2/279.jpg,media/nature-jam-2/279.jpg,True,238,SUI/238_N_S.jpg or przygotowane/,https://jackbeatnic.github.io,copy gh_media_file
280,JB NJ #1066,D_gh_assets_s3000,3000,GH_jb-nft-assets_baseURI,meta/avalanche/nature-jam-2/280,GH_jb-nft-assets,https://jackbeatnic.github.io/jb-nft-assets/media/nature-jam-2/280.jpg,media/nature-jam-2/280.jpg,True,239,SUI/239_N_S.jpg or przygotowane/,https://jackbeatnic.github.io,copy gh_media_file
281,JB NJ #1067,D_gh_assets_s3000,3000,GH_jb-nft-assets_baseURI,meta/avalanche/nature-jam-2/281,GH_jb-nft-assets,https://jackbeatnic.github.io/jb-nft-assets/media/nature-jam-2/281.jpg,media/nature-jam-2/281.jpg,True,240,SUI/240_N_S.jpg or przygotowane/,https://jackbeatnic.github.io,copy gh_media_file
282,JB NJ #1068,D_gh_assets_s3000,3000,GH_jb-nft-assets_baseURI,meta/avalanche/nature-jam-2/282,GH_jb-nft-assets,https://jackbeatnic.github.io/jb-nft-assets/media/nature-jam-2/282.jpg,media/nature-jam-2/282.jpg,True,241,SUI/241_N_S.jpg or przygotowane/,https://jackbeatnic.github.io,copy gh_media_file
283,JB NJ #1069,D_gh_assets_s3000,3000,GH_jb-nft-assets_baseURI,meta/avalanche/nature-jam-2/283,GH_jb-nft-assets,https://jackbeatnic.github.io/jb-nft-assets/media/nature-jam-2/283.jpg,media/nature-jam-2/283.jpg,True,242,SUI/242_N_S.jpg or przygotowane/,https://jackbeatnic.github.io,copy gh_media_file
284,JB NJ #1070,D_gh_assets_s3000,3000,GH_jb-nft-assets_baseURI,meta/avalanche/nature-jam-2/284,GH_jb-nft-assets,https://jackbeatnic.github.io/jb-nft-assets/media/nature-jam-2/284.jpg,media/nature-jam-2/284.jpg,True,243,SUI/243_N_S.jpg or przygotowane/,https://jackbeatnic.github.io,copy gh_media_file
285,JB NJ #1071,D_gh_assets_s3000,3000,GH_jb-nft-assets_baseURI,meta/avalanche/nature-jam-2/285,GH_jb-nft-assets,https://jackbeatnic.github.io/jb-nft-assets/media/nature-jam-2/285.jpg,media/nature-jam-2/285.jpg,True,244,SUI/244_N_S.jpg or przygotowane/,https://jackbeatnic.github.io,copy gh_media_file
286,JB NJ #1072,D_gh_assets_s3000,3000,GH_jb-nft-assets_baseURI,meta/avalanche/nature-jam-2/286,GH_jb-nft-assets,https://jackbeatnic.github.io/jb-nft-assets/media/nature-jam-2/286.jpg,media/nature-jam-2/286.jpg,True,245,SUI/245_N_S.jpg or przygotowane/,https://jackbeatnic.github.io,copy gh_media_file
287,JB NJ #1073,D_gh_assets_s3000,3000,GH_jb-nft-assets_baseURI,meta/avalanche/nature-jam-2/287,GH_jb-nft-assets,https://jackbeatnic.github.io/jb-nft-assets/media/nature-jam-2/287.jpg,media/nature-jam-2/287.jpg,True,246,SUI/246_N_S.jpg or przygotowane/,https://jackbeatnic.github.io,copy gh_media_file
288,JB NJ #1074,D_gh_assets_s3000,3000,GH_jb-nft-assets_baseURI,meta/avalanche/nature-jam-2/288,GH_jb-nft-assets,https://jackbeatnic.github.io/jb-nft-assets/media/nature-jam-2/288.jpg,media/nature-jam-2/288.jpg,True,247,SUI/247_N_S.jpg or przygotowane/,https://jackbeatnic.github.io,copy gh_media_file
289,JB NJ #1075,D_gh_assets_s3000,3000,GH_jb-nft-assets_baseURI,meta/avalanche/nature-jam-2/289,GH_jb-nft-assets,https://jackbeatnic.github.io/jb-nft-assets/media/nature-jam-2/289.jpg,media/nature-jam-2/289.jpg,True,248,SUI/248_N_S.jpg or przygotowane/,https://jackbeatnic.github.io,copy gh_media_file
290,JB NJ #1076,D_gh_assets_s3000,3000,GH_jb-nft-assets_baseURI,meta/avalanche/nature-jam-2/290,GH_jb-nft-assets,https://jackbeatnic.github.io/jb-nft-assets/media/nature-jam-2/290.jpg,media/nature-jam-2/290.jpg,True,249,SUI/249_N_S.jpg or przygotowane/,https://jackbeatnic.github.io,copy gh_media_file
291,JB NJ #1077,D_gh_assets_s3000,3000,GH_jb-nft-assets_baseURI,meta/avalanche/nature-jam-2/291,GH_jb-nft-assets,https://jackbeatnic.github.io/jb-nft-assets/media/nature-jam-2/291.jpg,media/nature-jam-2/291.jpg,True,250,SUI/250_N_S.jpg or przygotowane/,https://jackbeatnic.github.io,copy gh_media_file
292,JB NJ #1078,D_gh_assets_s3000,3000,GH_jb-nft-assets_baseURI,meta/avalanche/nature-jam-2/292,GH_jb-nft-assets,https://jackbeatnic.github.io/jb-nft-assets/media/nature-jam-2/292.jpg,media/nature-jam-2/292.jpg,True,251,SUI/251_N_S.jpg or przygotowane/,https://jackbeatnic.github.io,copy gh_media_file
293,JB NJ #1079,D_gh_assets_s3000,3000,GH_jb-nft-assets_baseURI,meta/avalanche/nature-jam-2/293,GH_jb-nft-assets,https://jackbeatnic.github.io/jb-nft-assets/media/nature-jam-2/293.jpg,media/nature-jam-2/293.jpg,True,252,SUI/252_N_S.jpg or przygotowane/,https://jackbeatnic.github.io,copy gh_media_file
294,JB NJ #1080,D_gh_assets_s3000,3000,GH_jb-nft-assets_baseURI,meta/avalanche/nature-jam-2/294,GH_jb-nft-assets,https://jackbeatnic.github.io/jb-nft-assets/media/nature-jam-2/294.jpg,media/nature-jam-2/294.jpg,True,253,SUI/253_N_S.jpg or przygotowane/,https://jackbeatnic.github.io,copy gh_media_file
295,JB NJ #1081,D_gh_assets_s3000,3000,GH_jb-nft-assets_baseURI,meta/avalanche/nature-jam-2/295,GH_jb-nft-assets,https://jackbeatnic.github.io/jb-nft-assets/media/nature-jam-2/295.jpg,media/nature-jam-2/295.jpg,True,254,SUI/254_N_S.jpg or przygotowane/,https://jackbeatnic.github.io,copy gh_media_file
296,JB NJ #1082,D_gh_assets_s3000,3000,GH_jb-nft-assets_baseURI,meta/avalanche/nature-jam-2/296,GH_jb-nft-assets,https://jackbeatnic.github.io/jb-nft-assets/media/nature-jam-2/296.jpg,media/nature-jam-2/296.jpg,True,255,SUI/255_N_S.jpg or przygotowane/,https://jackbeatnic.github.io,copy gh_media_file
297,JB NJ #1083,D_gh_assets_s3000,3000,GH_jb-nft-assets_baseURI,meta/avalanche/nature-jam-2/297,GH_jb-nft-assets,https://jackbeatnic.github.io/jb-nft-assets/media/nature-jam-2/297.jpg,media/nature-jam-2/297.jpg,True,256,SUI/256_N_S.jpg or przygotowane/,https://jackbeatnic.github.io,copy gh_media_file
298,JB NJ #1084,D_gh_assets_s3000,3000,GH_jb-nft-assets_baseURI,meta/avalanche/nature-jam-2/298,GH_jb-nft-assets,https://jackbeatnic.github.io/jb-nft-assets/media/nature-jam-2/298.jpg,media/nature-jam-2/298.jpg,True,257,SUI/257_N_S.jpg or przygotowane/,https://jackbeatnic.github.io,copy gh_media_file
299,JB NJ #1085,D_gh_assets_s3000,3000,GH_jb-nft-assets_baseURI,meta/avalanche/nature-jam-2/299,GH_jb-nft-assets,https://jackbeatnic.github.io/jb-nft-assets/media/nature-jam-2/299.jpg,media/nature-jam-2/299.jpg,True,258,SUI/258_N_S.jpg or przygotowane/,https://jackbeatnic.github.io,copy gh_media_file
300,JB NJ #1086,D_gh_assets_s3000,3000,GH_jb-nft-assets_baseURI,meta/avalanche/nature-jam-2/300,GH_jb-nft-assets,https://jackbeatnic.github.io/jb-nft-assets/media/nature-jam-2/300.jpg,media/nature-jam-2/300.jpg,True,259,SUI/259_N_S.jpg or przygotowane/,https://jackbeatnic.github.io,copy gh_media_file
301,JB NJ #1087,D_gh_assets_s3000,3000,GH_jb-nft-assets_baseURI,meta/avalanche/nature-jam-2/301,GH_jb-nft-assets,https://jackbeatnic.github.io/jb-nft-assets/media/nature-jam-2/301.jpg,media/nature-jam-2/301.jpg,True,260,SUI/260_N_S.jpg or przygotowane/,https://jackbeatnic.github.io,copy gh_media_file
302,JB NJ #1088,D_gh_assets_s3000,3000,GH_jb-nft-assets_baseURI,meta/avalanche/nature-jam-2/302,GH_jb-nft-assets,https://jackbeatnic.github.io/jb-nft-assets/media/nature-jam-2/302.jpg,media/nature-jam-2/302.jpg,True,261,SUI/261_N_S.jpg or przygotowane/,https://jackbeatnic.github.io,copy gh_media_file
303,JB NJ #1089,D_gh_assets_s3000,3000,GH_jb-nft-assets_baseURI,meta/avalanche/nature-jam-2/303,GH_jb-nft-assets,https://jackbeatnic.github.io/jb-nft-assets/media/nature-jam-2/303.jpg,media/nature-jam-2/303.jpg,True,262,SUI/262_N_S.jpg or przygotowane/,https://jackbeatnic.github.io,copy gh_media_file
304,JB NJ #1090,D_gh_assets_s3000,3000,GH_jb-nft-assets_baseURI,meta/avalanche/nature-jam-2/304,GH_jb-nft-assets,https://jackbeatnic.github.io/jb-nft-assets/media/nature-jam-2/304.jpg,media/nature-jam-2/304.jpg,True,263,SUI/263_N_S.jpg or przygotowane/,https://jackbeatnic.github.io,copy gh_media_file
305,JB NJ #1091,D_gh_assets_s3000,3000,GH_jb-nft-assets_baseURI,meta/avalanche/nature-jam-2/305,GH_jb-nft-assets,https://jackbeatnic.github.io/jb-nft-assets/media/nature-jam-2/305.jpg,media/nature-jam-2/305.jpg,True,264,SUI/264_N_S.jpg or przygotowane/,https://jackbeatnic.github.io,copy gh_media_file
306,JB NJ #1092,D_gh_assets_s3000,3000,GH_jb-nft-assets_baseURI,meta/avalanche/nature-jam-2/306,GH_jb-nft-assets,https://jackbeatnic.github.io/jb-nft-assets/media/nature-jam-2/306.jpg,media/nature-jam-2/306.jpg,True,265,SUI/265_N_S.jpg or przygotowane/,https://jackbeatnic.github.io,copy gh_media_file
307,JB NJ #1093,D_gh_assets_s3000,3000,GH_jb-nft-assets_baseURI,meta/avalanche/nature-jam-2/307,GH_jb-nft-assets,https://jackbeatnic.github.io/jb-nft-assets/media/nature-jam-2/307.jpg,media/nature-jam-2/307.jpg,True,266,SUI/266_N_S.jpg or przygotowane/,https://jackbeatnic.github.io,copy gh_media_file
308,JB NJ #1094,D_gh_assets_s3000,3000,GH_jb-nft-assets_baseURI,meta/avalanche/nature-jam-2/308,GH_jb-nft-assets,https://jackbeatnic.github.io/jb-nft-assets/media/nature-jam-2/308.jpg,media/nature-jam-2/308.jpg,True,267,SUI/267_N_S.jpg or przygotowane/,https://jackbeatnic.github.io,copy gh_media_file
309,JB NJ #1095,D_gh_assets_s3000,3000,GH_jb-nft-assets_baseURI,meta/avalanche/nature-jam-2/309,GH_jb-nft-assets,https://jackbeatnic.github.io/jb-nft-assets/media/nature-jam-2/309.jpg,media/nature-jam-2/309.jpg,True,268,SUI/268_N_S.jpg or przygotowane/,https://jackbeatnic.github.io,copy gh_media_file
310,JB NJ #1096,D_gh_assets_s3000,3000,GH_jb-nft-assets_baseURI,meta/avalanche/nature-jam-2/310,GH_jb-nft-assets,https://jackbeatnic.github.io/jb-nft-assets/media/nature-jam-2/310.jpg,media/nature-jam-2/310.jpg,True,269,SUI/269_N_S.jpg or przygotowane/,https://jackbeatnic.github.io,copy gh_media_file
311,JB NJ #1097,D_gh_assets_s3000,3000,GH_jb-nft-assets_baseURI,meta/avalanche/nature-jam-2/311,GH_jb-nft-assets,https://jackbeatnic.github.io/jb-nft-assets/media/nature-jam-2/311.jpg,media/nature-jam-2/311.jpg,True,270,SUI/270_N_S.jpg or przygotowane/,https://jackbeatnic.github.io,copy gh_media_file
312,JB NJ #1098,D_gh_assets_s3000,3000,GH_jb-nft-assets_baseURI,meta/avalanche/nature-jam-2/312,GH_jb-nft-assets,https://jackbeatnic.github.io/jb-nft-assets/media/nature-jam-2/312.jpg,media/nature-jam-2/312.jpg,True,271,SUI/271_N_S.jpg or przygotowane/,https://jackbeatnic.github.io,copy gh_media_file
313,JB NJ #1099,D_gh_assets_s3000,3000,GH_jb-nft-assets_baseURI,meta/avalanche/nature-jam-2/313,GH_jb-nft-assets,https://jackbeatnic.github.io/jb-nft-assets/media/nature-jam-2/313.jpg,media/nature-jam-2/313.jpg,True,272,SUI/272_N_S.jpg or przygotowane/,https://jackbeatnic.github.io,copy gh_media_file
314,JB NJ #1100,D_gh_assets_s3000,3000,GH_jb-nft-assets_baseURI,meta/avalanche/nature-jam-2/314,GH_jb-nft-assets,https://jackbeatnic.github.io/jb-nft-assets/media/nature-jam-2/314.jpg,media/nature-jam-2/314.jpg,True,273,SUI/273_N_S.jpg or przygotowane/,https://jackbeatnic.github.io,copy gh_media_file
315,JB NJ #1101,D_gh_assets_s3000,3000,GH_jb-nft-assets_baseURI,meta/avalanche/nature-jam-2/315,GH_jb-nft-assets,https://jackbeatnic.github.io/jb-nft-assets/media/nature-jam-2/315.jpg,media/nature-jam-2/315.jpg,True,274,SUI/274_N_S.jpg or przygotowane/,https://jackbeatnic.github.io,copy gh_media_file
316,JB NJ #1102,D_gh_assets_s3000,3000,GH_jb-nft-assets_baseURI,meta/avalanche/nature-jam-2/316,GH_jb-nft-assets,https://jackbeatnic.github.io/jb-nft-assets/media/nature-jam-2/316.jpg,media/nature-jam-2/316.jpg,True,275,SUI/275_N_S.jpg or przygotowane/,https://jackbeatnic.github.io,copy gh_media_file
317,JB NJ #1103,D_gh_assets_s3000,3000,GH_jb-nft-assets_baseURI,meta/avalanche/nature-jam-2/317,GH_jb-nft-assets,https://jackbeatnic.github.io/jb-nft-assets/media/nature-jam-2/317.jpg,media/nature-jam-2/317.jpg,True,276,SUI/276_N_S.jpg or przygotowane/,https://jackbeatnic.github.io,copy gh_media_file
318,JB NJ #1104,D_gh_assets_s3000,3000,GH_jb-nft-assets_baseURI,meta/avalanche/nature-jam-2/318,GH_jb-nft-assets,https://jackbeatnic.github.io/jb-nft-assets/media/nature-jam-2/318.jpg,media/nature-jam-2/318.jpg,True,277,SUI/277_N_S.jpg or przygotowane/,https://jackbeatnic.github.io,copy gh_media_file
319,JB NJ #1105,D_gh_assets_s3000,3000,GH_jb-nft-assets_baseURI,meta/avalanche/nature-jam-2/319,GH_jb-nft-assets,https://jackbeatnic.github.io/jb-nft-assets/media/nature-jam-2/319.jpg,media/nature-jam-2/319.jpg,True,278,SUI/278_N_S.jpg or przygotowane/,https://jackbeatnic.github.io,copy gh_media_file
320,JB NJ #1106,D_gh_assets_s3000,3000,GH_jb-nft-assets_baseURI,meta/avalanche/nature-jam-2/320,GH_jb-nft-assets,https://jackbeatnic.github.io/jb-nft-assets/media/nature-jam-2/320.jpg,media/nature-jam-2/320.jpg,True,279,SUI/279_N_S.jpg or przygotowane/,https://jackbeatnic.github.io,copy gh_media_file
321,JB NJ #1107,D_gh_assets_s3000,3000,GH_jb-nft-assets_baseURI,meta/avalanche/nature-jam-2/321,GH_jb-nft-assets,https://jackbeatnic.github.io/jb-nft-assets/media/nature-jam-2/321.jpg,media/nature-jam-2/321.jpg,True,280,SUI/280_N_S.jpg or przygotowane/,https://jackbeatnic.github.io,copy gh_media_file
322,JB NJ #1108,D_gh_assets_s3000,3000,GH_jb-nft-assets_baseURI,meta/avalanche/nature-jam-2/322,GH_jb-nft-assets,https://jackbeatnic.github.io/jb-nft-assets/media/nature-jam-2/322.jpg,media/nature-jam-2/322.jpg,True,281,SUI/281_N_S.jpg or przygotowane/,https://jackbeatnic.github.io,copy gh_media_file
323,JB NJ #1109,D_gh_assets_s3000,3000,GH_jb-nft-assets_baseURI,meta/avalanche/nature-jam-2/323,GH_jb-nft-assets,https://jackbeatnic.github.io/jb-nft-assets/media/nature-jam-2/323.jpg,media/nature-jam-2/323.jpg,True,282,SUI/282_N_S.jpg or przygotowane/,https://jackbeatnic.github.io,copy gh_media_file
324,JB NJ #1110,D_gh_assets_s3000,3000,GH_jb-nft-assets_baseURI,meta/avalanche/nature-jam-2/324,GH_jb-nft-assets,https://jackbeatnic.github.io/jb-nft-assets/media/nature-jam-2/324.jpg,media/nature-jam-2/324.jpg,True,283,SUI/283_N_S.jpg or przygotowane/,https://jackbeatnic.github.io,copy gh_media_file
325,JB NJ #1111,D_gh_assets_s3000,3000,GH_jb-nft-assets_baseURI,meta/avalanche/nature-jam-2/325,GH_jb-nft-assets,https://jackbeatnic.github.io/jb-nft-assets/media/nature-jam-2/325.jpg,media/nature-jam-2/325.jpg,True,284,SUI/284_N_S.jpg or przygotowane/,https://jackbeatnic.github.io,copy gh_media_file
326,JB NJ #1112,D_gh_assets_s3000,3000,GH_jb-nft-assets_baseURI,meta/avalanche/nature-jam-2/326,GH_jb-nft-assets,https://jackbeatnic.github.io/jb-nft-assets/media/nature-jam-2/326.jpg,media/nature-jam-2/326.jpg,True,285,SUI/285_N_S.jpg or przygotowane/,https://jackbeatnic.github.io,copy gh_media_file
327,JB NJ #1113,D_gh_assets_s3000,3000,GH_jb-nft-assets_baseURI,meta/avalanche/nature-jam-2/327,GH_jb-nft-assets,https://jackbeatnic.github.io/jb-nft-assets/media/nature-jam-2/327.jpg,media/nature-jam-2/327.jpg,True,286,SUI/286_N_S.jpg or przygotowane/,https://jackbeatnic.github.io,copy gh_media_file
328,JB NJ #1114,D_gh_assets_s3000,3000,GH_jb-nft-assets_baseURI,meta/avalanche/nature-jam-2/328,GH_jb-nft-assets,https://jackbeatnic.github.io/jb-nft-assets/media/nature-jam-2/328.jpg,media/nature-jam-2/328.jpg,True,287,SUI/287_N_S.jpg or przygotowane/,https://jackbeatnic.github.io,copy gh_media_file
329,JB NJ #1115,D_gh_assets_s3000,3000,GH_jb-nft-assets_baseURI,meta/avalanche/nature-jam-2/329,GH_jb-nft-assets,https://jackbeatnic.github.io/jb-nft-assets/media/nature-jam-2/329.jpg,media/nature-jam-2/329.jpg,True,288,SUI/288_N_S.jpg or przygotowane/,https://jackbeatnic.github.io,copy gh_media_file
330,JB NJ #1116,D_gh_assets_s3000,3000,GH_jb-nft-assets_baseURI,meta/avalanche/nature-jam-2/330,GH_jb-nft-assets,https://jackbeatnic.github.io/jb-nft-assets/media/nature-jam-2/330.jpg,media/nature-jam-2/330.jpg,True,289,SUI/289_N_S.jpg or przygotowane/,https://jackbeatnic.github.io,copy gh_media_file
331,JB NJ #1117,D_gh_assets_s3000,3000,GH_jb-nft-assets_baseURI,meta/avalanche/nature-jam-2/331,GH_jb-nft-assets,https://jackbeatnic.github.io/jb-nft-assets/media/nature-jam-2/331.jpg,media/nature-jam-2/331.jpg,True,290,SUI/290_N_S.jpg or przygotowane/,https://jackbeatnic.github.io,copy gh_media_file
332,JB NJ #1118,D_gh_assets_s3000,3000,GH_jb-nft-assets_baseURI,meta/avalanche/nature-jam-2/332,GH_jb-nft-assets,https://jackbeatnic.github.io/jb-nft-assets/media/nature-jam-2/332.jpg,media/nature-jam-2/332.jpg,True,291,SUI/291_N_S.jpg or przygotowane/,https://jackbeatnic.github.io,copy gh_media_file
333,JB NJ #1119,D_gh_assets_s3000,3000,GH_jb-nft-assets_baseURI,meta/avalanche/nature-jam-2/333,GH_jb-nft-assets,https://jackbeatnic.github.io/jb-nft-assets/media/nature-jam-2/333.jpg,media/nature-jam-2/333.jpg,True,292,SUI/292_N_S.jpg or przygotowane/,https://jackbeatnic.github.io,copy gh_media_file
334,JB NJ #1120,D_gh_assets_s3000,3000,GH_jb-nft-assets_baseURI,meta/avalanche/nature-jam-2/334,GH_jb-nft-assets,https://jackbeatnic.github.io/jb-nft-assets/media/nature-jam-2/334.jpg,media/nature-jam-2/334.jpg,True,293,SUI/293_N_S.jpg or przygotowane/,https://jackbeatnic.github.io,copy gh_media_file
335,JB NJ #1121,D_gh_assets_s3000,3000,GH_jb-nft-assets_baseURI,meta/avalanche/nature-jam-2/335,GH_jb-nft-assets,https://jackbeatnic.github.io/jb-nft-assets/media/nature-jam-2/335.jpg,media/nature-jam-2/335.jpg,True,294,SUI/294_N_S.jpg or przygotowane/,https://jackbeatnic.github.io,copy gh_media_file
336,JB NJ #1122,D_gh_assets_s3000,3000,GH_jb-nft-assets_baseURI,meta/avalanche/nature-jam-2/336,GH_jb-nft-assets,https://jackbeatnic.github.io/jb-nft-assets/media/nature-jam-2/336.jpg,media/nature-jam-2/336.jpg,True,295,SUI/295_N_S.jpg or przygotowane/,https://jackbeatnic.github.io,copy gh_media_file
337,JB NJ #1123,D_gh_assets_s3000,3000,GH_jb-nft-assets_baseURI,meta/avalanche/nature-jam-2/337,GH_jb-nft-assets,https://jackbeatnic.github.io/jb-nft-assets/media/nature-jam-2/337.jpg,media/nature-jam-2/337.jpg,True,296,SUI/296_N_S.jpg or przygotowane/,https://jackbeatnic.github.io,copy gh_media_file
338,JB NJ #1124,D_gh_assets_s3000,3000,GH_jb-nft-assets_baseURI,meta/avalanche/nature-jam-2/338,GH_jb-nft-assets,https://jackbeatnic.github.io/jb-nft-assets/media/nature-jam-2/338.jpg,media/nature-jam-2/338.jpg,True,297,SUI/297_N_S.jpg or przygotowane/,https://jackbeatnic.github.io,copy gh_media_file
339,JB NJ #1125,D_gh_assets_s3000,3000,GH_jb-nft-assets_baseURI,meta/avalanche/nature-jam-2/339,GH_jb-nft-assets,https://jackbeatnic.github.io/jb-nft-assets/media/nature-jam-2/339.jpg,media/nature-jam-2/339.jpg,True,298,SUI/298_N_S.jpg or przygotowane/,https://jackbeatnic.github.io,copy gh_media_file
340,JB NJ #1126,D_gh_assets_s3000,3000,GH_jb-nft-assets_baseURI,meta/avalanche/nature-jam-2/340,GH_jb-nft-assets,https://jackbeatnic.github.io/jb-nft-assets/media/nature-jam-2/340.jpg,media/nature-jam-2/340.jpg,True,299,SUI/299_N_S.jpg or przygotowane/,https://jackbeatnic.github.io,copy gh_media_file
341,JB NJ #1127,D_gh_assets_s3000,3000,GH_jb-nft-assets_baseURI,meta/avalanche/nature-jam-2/341,GH_jb-nft-assets,https://jackbeatnic.github.io/jb-nft-assets/media/nature-jam-2/341.jpg,media/nature-jam-2/341.jpg,True,300,SUI/300_N_S.jpg or przygotowane/,https://jackbeatnic.github.io,copy gh_media_file
342,JB NJ #1128,D_gh_assets_s3000,3000,GH_jb-nft-assets_baseURI,meta/avalanche/nature-jam-2/342,GH_jb-nft-assets,https://jackbeatnic.github.io/jb-nft-assets/media/nature-jam-2/342.jpg,media/nature-jam-2/342.jpg,True,301,SUI/301_N_S.jpg or przygotowane/,https://jackbeatnic.github.io,copy gh_media_file
343,JB NJ #1129,D_gh_assets_s3000,3000,GH_jb-nft-assets_baseURI,meta/avalanche/nature-jam-2/343,GH_jb-nft-assets,https://jackbeatnic.github.io/jb-nft-assets/media/nature-jam-2/343.jpg,media/nature-jam-2/343.jpg,True,302,SUI/302_N_S.jpg or przygotowane/,https://jackbeatnic.github.io,copy gh_media_file
344,JB NJ #1130,D_gh_assets_s3000,3000,GH_jb-nft-assets_baseURI,meta/avalanche/nature-jam-2/344,GH_jb-nft-assets,https://jackbeatnic.github.io/jb-nft-assets/media/nature-jam-2/344.jpg,media/nature-jam-2/344.jpg,True,303,SUI/303_N_S.jpg or przygotowane/,https://jackbeatnic.github.io,copy gh_media_file
345,JB NJ #1131,D_gh_assets_s3000,3000,GH_jb-nft-assets_baseURI,meta/avalanche/nature-jam-2/345,GH_jb-nft-assets,https://jackbeatnic.github.io/jb-nft-assets/media/nature-jam-2/345.jpg,media/nature-jam-2/345.jpg,True,304,SUI/304_N_S.jpg or przygotowane/,https://jackbeatnic.github.io,copy gh_media_file
346,JB NJ #1132,D_gh_assets_s3000,3000,GH_jb-nft-assets_baseURI,meta/avalanche/nature-jam-2/346,GH_jb-nft-assets,https://jackbeatnic.github.io/jb-nft-assets/media/nature-jam-2/346.jpg,media/nature-jam-2/346.jpg,True,305,SUI/305_N_S.jpg or przygotowane/,https://jackbeatnic.github.io,copy gh_media_file
347,JB NJ #1133,D_gh_assets_s3000,3000,GH_jb-nft-assets_baseURI,meta/avalanche/nature-jam-2/347,GH_jb-nft-assets,https://jackbeatnic.github.io/jb-nft-assets/media/nature-jam-2/347.jpg,media/nature-jam-2/347.jpg,True,306,SUI/306_N_S.jpg or przygotowane/,https://jackbeatnic.github.io,copy gh_media_file
348,JB NJ #1134,D_gh_assets_s3000,3000,GH_jb-nft-assets_baseURI,meta/avalanche/nature-jam-2/348,GH_jb-nft-assets,https://jackbeatnic.github.io/jb-nft-assets/media/nature-jam-2/348.jpg,media/nature-jam-2/348.jpg,True,307,SUI/307_N_S.jpg or przygotowane/,https://jackbeatnic.github.io,copy gh_media_file
349,JB NJ #1135,D_gh_assets_s3000,3000,GH_jb-nft-assets_baseURI,meta/avalanche/nature-jam-2/349,GH_jb-nft-assets,https://jackbeatnic.github.io/jb-nft-assets/media/nature-jam-2/349.jpg,media/nature-jam-2/349.jpg,True,308,SUI/308_N_S.jpg or przygotowane/,https://jackbeatnic.github.io,copy gh_media_file
350,JB NJ #1136,D_gh_assets_s3000,3000,GH_jb-nft-assets_baseURI,meta/avalanche/nature-jam-2/350,GH_jb-nft-assets,https://jackbeatnic.github.io/jb-nft-assets/media/nature-jam-2/350.jpg,media/nature-jam-2/350.jpg,True,309,SUI/309_N_S.jpg or przygotowane/,https://jackbeatnic.github.io,copy gh_media_file
351,JB NJ #1137,D_gh_assets_s3000,3000,GH_jb-nft-assets_baseURI,meta/avalanche/nature-jam-2/351,GH_jb-nft-assets,https://jackbeatnic.github.io/jb-nft-assets/media/nature-jam-2/351.jpg,media/nature-jam-2/351.jpg,True,310,SUI/310_N_S.jpg or przygotowane/,https://jackbeatnic.github.io,copy gh_media_file
352,JB NJ #1138,D_gh_assets_s3000,3000,GH_jb-nft-assets_baseURI,meta/avalanche/nature-jam-2/352,GH_jb-nft-assets,https://jackbeatnic.github.io/jb-nft-assets/media/nature-jam-2/352.jpg,media/nature-jam-2/352.jpg,True,311,SUI/311_N_S.jpg or przygotowane/,https://jackbeatnic.github.io,copy gh_media_file
353,JB NJ #1139,D_gh_assets_s3000,3000,GH_jb-nft-assets_baseURI,meta/avalanche/nature-jam-2/353,GH_jb-nft-assets,https://jackbeatnic.github.io/jb-nft-assets/media/nature-jam-2/353.jpg,media/nature-jam-2/353.jpg,True,312,SUI/312_N_S.jpg or przygotowane/,https://jackbeatnic.github.io,copy gh_media_file
354,JB NJ #1140,D_gh_assets_s3000,3000,GH_jb-nft-assets_baseURI,meta/avalanche/nature-jam-2/354,GH_jb-nft-assets,https://jackbeatnic.github.io/jb-nft-assets/media/nature-jam-2/354.jpg,media/nature-jam-2/354.jpg,True,313,SUI/313_N_S.jpg or przygotowane/,https://jackbeatnic.github.io,copy gh_media_file
355,JB NJ #1141,D_gh_assets_s3000,3000,GH_jb-nft-assets_baseURI,meta/avalanche/nature-jam-2/355,GH_jb-nft-assets,https://jackbeatnic.github.io/jb-nft-assets/media/nature-jam-2/355.jpg,media/nature-jam-2/355.jpg,True,314,SUI/314_N_S.jpg or przygotowane/,https://jackbeatnic.github.io,copy gh_media_file
356,JB NJ #1142,D_gh_assets_s3000,3000,GH_jb-nft-assets_baseURI,meta/avalanche/nature-jam-2/356,GH_jb-nft-assets,https://jackbeatnic.github.io/jb-nft-assets/media/nature-jam-2/356.jpg,media/nature-jam-2/356.jpg,True,315,SUI/315_N_S.jpg or przygotowane/,https://jackbeatnic.github.io,copy gh_media_file
357,JB NJ #1143,D_gh_assets_s3000,3000,GH_jb-nft-assets_baseURI,meta/avalanche/nature-jam-2/357,GH_jb-nft-assets,https://jackbeatnic.github.io/jb-nft-assets/media/nature-jam-2/357.jpg,media/nature-jam-2/357.jpg,True,316,SUI/316_N_S.jpg or przygotowane/,https://jackbeatnic.github.io,copy gh_media_file
358,JB NJ #1144,D_gh_assets_s3000,3000,GH_jb-nft-assets_baseURI,meta/avalanche/nature-jam-2/358,GH_jb-nft-assets,https://jackbeatnic.github.io/jb-nft-assets/media/nature-jam-2/358.jpg,media/nature-jam-2/358.jpg,True,317,SUI/317_N_S.jpg or przygotowane/,https://jackbeatnic.github.io,copy gh_media_file
359,JB NJ #1145,D_gh_assets_s3000,3000,GH_jb-nft-assets_baseURI,meta/avalanche/nature-jam-2/359,GH_jb-nft-assets,https://jackbeatnic.github.io/jb-nft-assets/media/nature-jam-2/359.jpg,media/nature-jam-2/359.jpg,True,318,SUI/318_N_S.jpg or przygotowane/,https://jackbeatnic.github.io,copy gh_media_file
360,JB NJ #1146,D_gh_assets_s3000,3000,GH_jb-nft-assets_baseURI,meta/avalanche/nature-jam-2/360,GH_jb-nft-assets,https://jackbeatnic.github.io/jb-nft-assets/media/nature-jam-2/360.jpg,media/nature-jam-2/360.jpg,True,319,SUI/319_N_S.jpg or przygotowane/,https://jackbeatnic.github.io,copy gh_media_file
361,JB NJ #1147,D_gh_assets_s3000,3000,GH_jb-nft-assets_baseURI,meta/avalanche/nature-jam-2/361,GH_jb-nft-assets,https://jackbeatnic.github.io/jb-nft-assets/media/nature-jam-2/361.jpg,media/nature-jam-2/361.jpg,True,320,SUI/320_N_S.jpg or przygotowane/,https://jackbeatnic.github.io,copy gh_media_file
362,JB NJ #1148,D_gh_assets_s3000,3000,GH_jb-nft-assets_baseURI,meta/avalanche/nature-jam-2/362,GH_jb-nft-assets,https://jackbeatnic.github.io/jb-nft-assets/media/nature-jam-2/362.jpg,media/nature-jam-2/362.jpg,True,321,SUI/321_N_S.jpg or przygotowane/,https://jackbeatnic.github.io,copy gh_media_file
363,JB NJ #1149,D_gh_assets_s3000,3000,GH_jb-nft-assets_baseURI,meta/avalanche/nature-jam-2/363,GH_jb-nft-assets,https://jackbeatnic.github.io/jb-nft-assets/media/nature-jam-2/363.jpg,media/nature-jam-2/363.jpg,True,322,SUI/322_N_S.jpg or przygotowane/,https://jackbeatnic.github.io,copy gh_media_file
364,JB NJ #1150,D_gh_assets_s3000,3000,GH_jb-nft-assets_baseURI,meta/avalanche/nature-jam-2/364,GH_jb-nft-assets,https://jackbeatnic.github.io/jb-nft-assets/media/nature-jam-2/364.jpg,media/nature-jam-2/364.jpg,True,323,SUI/323_N_S.jpg or przygotowane/,https://jackbeatnic.github.io,copy gh_media_file
365,JB NJ #1151,D_gh_assets_s3000,3000,GH_jb-nft-assets_baseURI,meta/avalanche/nature-jam-2/365,GH_jb-nft-assets,https://jackbeatnic.github.io/jb-nft-assets/media/nature-jam-2/365.jpg,media/nature-jam-2/365.jpg,True,324,SUI/324_N_S.jpg or przygotowane/,https://jackbeatnic.github.io,copy gh_media_file
366,JB NJ #1152,D_gh_assets_s3000,3000,GH_jb-nft-assets_baseURI,meta/avalanche/nature-jam-2/366,GH_jb-nft-assets,https://jackbeatnic.github.io/jb-nft-assets/media/nature-jam-2/366.jpg,media/nature-jam-2/366.jpg,True,325,SUI/325_N_S.jpg or przygotowane/,https://jackbeatnic.github.io,copy gh_media_file
367,JB NJ #1153,D_gh_assets_s3000,3000,GH_jb-nft-assets_baseURI,meta/avalanche/nature-jam-2/367,GH_jb-nft-assets,https://jackbeatnic.github.io/jb-nft-assets/media/nature-jam-2/367.jpg,media/nature-jam-2/367.jpg,True,326,SUI/326_N_S.jpg or przygotowane/,https://jackbeatnic.github.io,copy gh_media_file
368,JB NJ #1154,D_gh_assets_s3000,3000,GH_jb-nft-assets_baseURI,meta/avalanche/nature-jam-2/368,GH_jb-nft-assets,https://jackbeatnic.github.io/jb-nft-assets/media/nature-jam-2/368.jpg,media/nature-jam-2/368.jpg,True,327,SUI/327_N_S.jpg or przygotowane/,https://jackbeatnic.github.io,copy gh_media_file
369,JB NJ #1155,D_gh_assets_s3000,3000,GH_jb-nft-assets_baseURI,meta/avalanche/nature-jam-2/369,GH_jb-nft-assets,https://jackbeatnic.github.io/jb-nft-assets/media/nature-jam-2/369.jpg,media/nature-jam-2/369.jpg,True,328,SUI/328_N_S.jpg or przygotowane/,https://jackbeatnic.github.io,copy gh_media_file
370,JB NJ #1156,D_gh_assets_s3000,3000,GH_jb-nft-assets_baseURI,meta/avalanche/nature-jam-2/370,GH_jb-nft-assets,https://jackbeatnic.github.io/jb-nft-assets/media/nature-jam-2/370.jpg,media/nature-jam-2/370.jpg,True,329,SUI/329_N_S.jpg or przygotowane/,https://jackbeatnic.github.io,copy gh_media_file
371,JB NJ #1157,D_gh_assets_s3000,3000,GH_jb-nft-assets_baseURI,meta/avalanche/nature-jam-2/371,GH_jb-nft-assets,https://jackbeatnic.github.io/jb-nft-assets/media/nature-jam-2/371.jpg,media/nature-jam-2/371.jpg,True,330,SUI/330_N_S.jpg or przygotowane/,https://jackbeatnic.github.io,copy gh_media_file
372,JB NJ #1158,D_gh_assets_s3000,3000,GH_jb-nft-assets_baseURI,meta/avalanche/nature-jam-2/372,GH_jb-nft-assets,https://jackbeatnic.github.io/jb-nft-assets/media/nature-jam-2/372.jpg,media/nature-jam-2/372.jpg,True,331,SUI/331_N_S.jpg or przygotowane/,https://jackbeatnic.github.io,copy gh_media_file
373,JB NJ #1159,D_gh_assets_s3000,3000,GH_jb-nft-assets_baseURI,meta/avalanche/nature-jam-2/373,GH_jb-nft-assets,https://jackbeatnic.github.io/jb-nft-assets/media/nature-jam-2/373.jpg,media/nature-jam-2/373.jpg,True,332,SUI/332_N_S.jpg or przygotowane/,https://jackbeatnic.github.io,copy gh_media_file
374,JB NJ #1160,D_gh_assets_s3000,3000,GH_jb-nft-assets_baseURI,meta/avalanche/nature-jam-2/374,GH_jb-nft-assets,https://jackbeatnic.github.io/jb-nft-assets/media/nature-jam-2/374.jpg,media/nature-jam-2/374.jpg,True,333,SUI/333_N_S.jpg or przygotowane/,https://jackbeatnic.github.io,copy gh_media_file
375,JB NJ #1161,D_gh_assets_s3000,3000,GH_jb-nft-assets_baseURI,meta/avalanche/nature-jam-2/375,GH_jb-nft-assets,https://jackbeatnic.github.io/jb-nft-assets/media/nature-jam-2/375.jpg,media/nature-jam-2/375.jpg,True,334,SUI/334_N_S.jpg or przygotowane/,https://jackbeatnic.github.io,copy gh_media_file
376,JB NJ #1162,D_gh_assets_s3000,3000,GH_jb-nft-assets_baseURI,meta/avalanche/nature-jam-2/376,GH_jb-nft-assets,https://jackbeatnic.github.io/jb-nft-assets/media/nature-jam-2/376.jpg,media/nature-jam-2/376.jpg,True,335,SUI/335_N_S.jpg or przygotowane/,https://jackbeatnic.github.io,copy gh_media_file
377,JB NJ #1163,D_gh_assets_s3000,3000,GH_jb-nft-assets_baseURI,meta/avalanche/nature-jam-2/377,GH_jb-nft-assets,https://jackbeatnic.github.io/jb-nft-assets/media/nature-jam-2/377.jpg,media/nature-jam-2/377.jpg,True,336,SUI/336_N_S.jpg or przygotowane/,https://jackbeatnic.github.io,copy gh_media_file
378,JB NJ #1164,D_gh_assets_s3000,3000,GH_jb-nft-assets_baseURI,meta/avalanche/nature-jam-2/378,GH_jb-nft-assets,https://jackbeatnic.github.io/jb-nft-assets/media/nature-jam-2/378.jpg,media/nature-jam-2/378.jpg,True,337,SUI/337_N_S.jpg or przygotowane/,https://jackbeatnic.github.io,copy gh_media_file
379,JB NJ #1165,D_gh_assets_s3000,3000,GH_jb-nft-assets_baseURI,meta/avalanche/nature-jam-2/379,GH_jb-nft-assets,https://jackbeatnic.github.io/jb-nft-assets/media/nature-jam-2/379.jpg,media/nature-jam-2/379.jpg,True,338,SUI/338_N_S.jpg or przygotowane/,https://jackbeatnic.github.io,copy gh_media_file
380,JB NJ #1166,D_gh_assets_s3000,3000,GH_jb-nft-assets_baseURI,meta/avalanche/nature-jam-2/380,GH_jb-nft-assets,https://jackbeatnic.github.io/jb-nft-assets/media/nature-jam-2/380.jpg,media/nature-jam-2/380.jpg,True,339,SUI/339_N_S.jpg or przygotowane/,https://jackbeatnic.github.io,copy gh_media_file
381,JB NJ #1167,D_gh_assets_s3000,3000,GH_jb-nft-assets_baseURI,meta/avalanche/nature-jam-2/381,GH_jb-nft-assets,https://jackbeatnic.github.io/jb-nft-assets/media/nature-jam-2/381.jpg,media/nature-jam-2/381.jpg,True,340,SUI/340_N_S.jpg or przygotowane/,https://jackbeatnic.github.io,copy gh_media_file
382,JB NJ #1168,D_gh_assets_s3000,3000,GH_jb-nft-assets_baseURI,meta/avalanche/nature-jam-2/382,GH_jb-nft-assets,https://jackbeatnic.github.io/jb-nft-assets/media/nature-jam-2/382.jpg,media/nature-jam-2/382.jpg,True,341,SUI/341_N_S.jpg or przygotowane/,https://jackbeatnic.github.io,copy gh_media_file
383,JB NJ #1169,D_gh_assets_s3000,3000,GH_jb-nft-assets_baseURI,meta/avalanche/nature-jam-2/383,GH_jb-nft-assets,https://jackbeatnic.github.io/jb-nft-assets/media/nature-jam-2/383.jpg,media/nature-jam-2/383.jpg,True,342,SUI/342_N_S.jpg or przygotowane/,https://jackbeatnic.github.io,copy gh_media_file
384,JB NJ #1170,D_gh_assets_s3000,3000,GH_jb-nft-assets_baseURI,meta/avalanche/nature-jam-2/384,GH_jb-nft-assets,https://jackbeatnic.github.io/jb-nft-assets/media/nature-jam-2/384.jpg,media/nature-jam-2/384.jpg,True,343,SUI/343_N_S.jpg or przygotowane/,https://jackbeatnic.github.io,copy gh_media_file
385,JB NJ #1171,D_gh_assets_s3000,3000,GH_jb-nft-assets_baseURI,meta/avalanche/nature-jam-2/385,GH_jb-nft-assets,https://jackbeatnic.github.io/jb-nft-assets/media/nature-jam-2/385.jpg,media/nature-jam-2/385.jpg,True,344,SUI/344_N_S.jpg or przygotowane/,https://jackbeatnic.github.io,copy gh_media_file
386,JB NJ #1172,D_gh_assets_s3000,3000,GH_jb-nft-assets_baseURI,meta/avalanche/nature-jam-2/386,GH_jb-nft-assets,https://jackbeatnic.github.io/jb-nft-assets/media/nature-jam-2/386.jpg,media/nature-jam-2/386.jpg,True,345,SUI/345_N_S.jpg or przygotowane/,https://jackbeatnic.github.io,copy gh_media_file
387,JB NJ #1173,D_gh_assets_s3000,3000,GH_jb-nft-assets_baseURI,meta/avalanche/nature-jam-2/387,GH_jb-nft-assets,https://jackbeatnic.github.io/jb-nft-assets/media/nature-jam-2/387.jpg,media/nature-jam-2/387.jpg,True,346,SUI/346_N_S.jpg or przygotowane/,https://jackbeatnic.github.io,copy gh_media_file
388,JB NJ #1174,D_gh_assets_s3000,3000,GH_jb-nft-assets_baseURI,meta/avalanche/nature-jam-2/388,GH_jb-nft-assets,https://jackbeatnic.github.io/jb-nft-assets/media/nature-jam-2/388.jpg,media/nature-jam-2/388.jpg,True,347,SUI/347_N_S.jpg or przygotowane/,https://jackbeatnic.github.io,copy gh_media_file
389,JB NJ #1175,D_gh_assets_s3000,3000,GH_jb-nft-assets_baseURI,meta/avalanche/nature-jam-2/389,GH_jb-nft-assets,https://jackbeatnic.github.io/jb-nft-assets/media/nature-jam-2/389.jpg,media/nature-jam-2/389.jpg,True,348,SUI/348_N_S.jpg or przygotowane/,https://jackbeatnic.github.io,copy gh_media_file
390,JB NJ #1176,D_gh_assets_s3000,3000,GH_jb-nft-assets_baseURI,meta/avalanche/nature-jam-2/390,GH_jb-nft-assets,https://jackbeatnic.github.io/jb-nft-assets/media/nature-jam-2/390.jpg,media/nature-jam-2/390.jpg,True,349,SUI/349_N_S.jpg or przygotowane/,https://jackbeatnic.github.io,copy gh_media_file
391,JB NJ #1177,D_gh_assets_s3000,3000,GH_jb-nft-assets_baseURI,meta/avalanche/nature-jam-2/391,GH_jb-nft-assets,https://jackbeatnic.github.io/jb-nft-assets/media/nature-jam-2/391.jpg,media/nature-jam-2/391.jpg,True,350,SUI/350_N_S.jpg or przygotowane/,https://jackbeatnic.github.io,copy gh_media_file
392,JB NJ #1178,D_gh_assets_s3000,3000,GH_jb-nft-assets_baseURI,meta/avalanche/nature-jam-2/392,GH_jb-nft-assets,https://jackbeatnic.github.io/jb-nft-assets/media/nature-jam-2/392.jpg,media/nature-jam-2/392.jpg,True,351,SUI/351_N_S.jpg or przygotowane/,https://jackbeatnic.github.io,copy gh_media_file
393,JB NJ #1179,D_gh_assets_s3000,3000,GH_jb-nft-assets_baseURI,meta/avalanche/nature-jam-2/393,GH_jb-nft-assets,https://jackbeatnic.github.io/jb-nft-assets/media/nature-jam-2/393.jpg,media/nature-jam-2/393.jpg,True,352,SUI/352_N_S.jpg or przygotowane/,https://jackbeatnic.github.io,copy gh_media_file
394,JB NJ #1180,D_gh_assets_s3000,3000,GH_jb-nft-assets_baseURI,meta/avalanche/nature-jam-2/394,GH_jb-nft-assets,https://jackbeatnic.github.io/jb-nft-assets/media/nature-jam-2/394.jpg,media/nature-jam-2/394.jpg,True,353,SUI/353_N_S.jpg or przygotowane/,https://jackbeatnic.github.io,copy gh_media_file
395,JB NJ #1181,D_gh_assets_s3000,3000,GH_jb-nft-assets_baseURI,meta/avalanche/nature-jam-2/395,GH_jb-nft-assets,https://jackbeatnic.github.io/jb-nft-assets/media/nature-jam-2/395.jpg,media/nature-jam-2/395.jpg,True,354,SUI/354_N_S.jpg or przygotowane/,https://jackbeatnic.github.io,copy gh_media_file
396,JB NJ #1182,D_gh_assets_s3000,3000,GH_jb-nft-assets_baseURI,meta/avalanche/nature-jam-2/396,GH_jb-nft-assets,https://jackbeatnic.github.io/jb-nft-assets/media/nature-jam-2/396.jpg,media/nature-jam-2/396.jpg,True,355,SUI/355_N_S.jpg or przygotowane/,https://jackbeatnic.github.io,copy gh_media_file
397,JB NJ #1183,D_gh_assets_s3000,3000,GH_jb-nft-assets_baseURI,meta/avalanche/nature-jam-2/397,GH_jb-nft-assets,https://jackbeatnic.github.io/jb-nft-assets/media/nature-jam-2/397.jpg,media/nature-jam-2/397.jpg,True,356,SUI/356_N_S.jpg or przygotowane/,https://jackbeatnic.github.io,copy gh_media_file
398,JB NJ #1184,D_gh_assets_s3000,3000,GH_jb-nft-assets_baseURI,meta/avalanche/nature-jam-2/398,GH_jb-nft-assets,https://jackbeatnic.github.io/jb-nft-assets/media/nature-jam-2/398.jpg,media/nature-jam-2/398.jpg,True,357,SUI/357_N_S.jpg or przygotowane/,https://jackbeatnic.github.io,copy gh_media_file
399,JB NJ #1185,D_gh_assets_s3000,3000,GH_jb-nft-assets_baseURI,meta/avalanche/nature-jam-2/399,GH_jb-nft-assets,https://jackbeatnic.github.io/jb-nft-assets/media/nature-jam-2/399.jpg,media/nature-jam-2/399.jpg,True,358,SUI/358_N_S.jpg or przygotowane/,https://jackbeatnic.github.io,copy gh_media_file
400,JB NJ #1186,D_gh_assets_s3000,3000,GH_jb-nft-assets_baseURI,meta/avalanche/nature-jam-2/400,GH_jb-nft-assets,https://jackbeatnic.github.io/jb-nft-assets/media/nature-jam-2/400.jpg,media/nature-jam-2/400.jpg,True,359,SUI/359_N_S.jpg or przygotowane/,https://jackbeatnic.github.io,copy gh_media_file
401,JB NJ #1187,D_gh_assets_s3000,3000,GH_jb-nft-assets_baseURI,meta/avalanche/nature-jam-2/401,GH_jb-nft-assets,https://jackbeatnic.github.io/jb-nft-assets/media/nature-jam-2/401.jpg,media/nature-jam-2/401.jpg,True,360,SUI/360_N_S.jpg or przygotowane/,https://jackbeatnic.github.io,copy gh_media_file
402,JB NJ #1188,D_gh_assets_s3000,3000,GH_jb-nft-assets_baseURI,meta/avalanche/nature-jam-2/402,GH_jb-nft-assets,https://jackbeatnic.github.io/jb-nft-assets/media/nature-jam-2/402.jpg,media/nature-jam-2/402.jpg,True,361,SUI/361_N_S.jpg or przygotowane/,https://jackbeatnic.github.io,copy gh_media_file
403,JB NJ #1189,D_gh_assets_s3000,3000,GH_jb-nft-assets_baseURI,meta/avalanche/nature-jam-2/403,GH_jb-nft-assets,https://jackbeatnic.github.io/jb-nft-assets/media/nature-jam-2/403.jpg,media/nature-jam-2/403.jpg,True,362,SUI/362_N_S.jpg or przygotowane/,https://jackbeatnic.github.io,copy gh_media_file
404,JB NJ #1190,D_gh_assets_s3000,3000,GH_jb-nft-assets_baseURI,meta/avalanche/nature-jam-2/404,GH_jb-nft-assets,https://jackbeatnic.github.io/jb-nft-assets/media/nature-jam-2/404.jpg,media/nature-jam-2/404.jpg,True,363,SUI/363_N_S.jpg or przygotowane/,https://jackbeatnic.github.io,copy gh_media_file
405,JB NJ #1191,D_gh_assets_s3000,3000,GH_jb-nft-assets_baseURI,meta/avalanche/nature-jam-2/405,GH_jb-nft-assets,https://jackbeatnic.github.io/jb-nft-assets/media/nature-jam-2/405.jpg,media/nature-jam-2/405.jpg,True,364,SUI/364_N_S.jpg or przygotowane/,https://jackbeatnic.github.io,copy gh_media_file
406,JB NJ #1192,D_gh_assets_s3000,3000,GH_jb-nft-assets_baseURI,meta/avalanche/nature-jam-2/406,GH_jb-nft-assets,https://jackbeatnic.github.io/jb-nft-assets/media/nature-jam-2/406.jpg,media/nature-jam-2/406.jpg,True,365,SUI/365_N_S.jpg or przygotowane/,https://jackbeatnic.github.io,copy gh_media_file
407,JB NJ #1193,D_gh_assets_s3000,3000,GH_jb-nft-assets_baseURI,meta/avalanche/nature-jam-2/407,GH_jb-nft-assets,https://jackbeatnic.github.io/jb-nft-assets/media/nature-jam-2/407.jpg,media/nature-jam-2/407.jpg,True,366,SUI/366_N_S.jpg or przygotowane/,https://jackbeatnic.github.io,copy gh_media_file
408,JB NJ #1194,D_gh_assets_s3000,3000,GH_jb-nft-assets_baseURI,meta/avalanche/nature-jam-2/408,GH_jb-nft-assets,https://jackbeatnic.github.io/jb-nft-assets/media/nature-jam-2/408.jpg,media/nature-jam-2/408.jpg,True,367,SUI/367_N_S.jpg or przygotowane/,https://jackbeatnic.github.io,copy gh_media_file
409,JB NJ #1195,D_gh_assets_s3000,3000,GH_jb-nft-assets_baseURI,meta/avalanche/nature-jam-2/409,GH_jb-nft-assets,https://jackbeatnic.github.io/jb-nft-assets/media/nature-jam-2/409.jpg,media/nature-jam-2/409.jpg,True,368,SUI/368_N_S.jpg or przygotowane/,https://jackbeatnic.github.io,copy gh_media_file
410,JB NJ #1196,D_gh_assets_s3000,3000,GH_jb-nft-assets_baseURI,meta/avalanche/nature-jam-2/410,GH_jb-nft-assets,https://jackbeatnic.github.io/jb-nft-assets/media/nature-jam-2/410.jpg,media/nature-jam-2/410.jpg,True,369,SUI/369_N_S.jpg or przygotowane/,https://jackbeatnic.github.io,copy gh_media_file
411,JB NJ #1197,D_gh_assets_s3000,3000,GH_jb-nft-assets_baseURI,meta/avalanche/nature-jam-2/411,GH_jb-nft-assets,https://jackbeatnic.github.io/jb-nft-assets/media/nature-jam-2/411.jpg,media/nature-jam-2/411.jpg,True,370,SUI/370_N_S.jpg or przygotowane/,https://jackbeatnic.github.io,copy gh_media_file
412,JB NJ #1198,D_gh_assets_s3000,3000,GH_jb-nft-assets_baseURI,meta/avalanche/nature-jam-2/412,GH_jb-nft-assets,https://jackbeatnic.github.io/jb-nft-assets/media/nature-jam-2/412.jpg,media/nature-jam-2/412.jpg,True,371,SUI/371_N_S.jpg or przygotowane/,https://jackbeatnic.github.io,copy gh_media_file
413,JB NJ #1199,D_gh_assets_s3000,3000,GH_jb-nft-assets_baseURI,meta/avalanche/nature-jam-2/413,GH_jb-nft-assets,https://jackbeatnic.github.io/jb-nft-assets/media/nature-jam-2/413.jpg,media/nature-jam-2/413.jpg,True,372,SUI/372_N_S.jpg or przygotowane/,https://jackbeatnic.github.io,copy gh_media_file
414,JB NJ #1200,D_gh_assets_s3000,3000,GH_jb-nft-assets_baseURI,meta/avalanche/nature-jam-2/414,GH_jb-nft-assets,https://jackbeatnic.github.io/jb-nft-assets/media/nature-jam-2/414.jpg,media/nature-jam-2/414.jpg,True,373,SUI/373_N_S.jpg or przygotowane/,https://jackbeatnic.github.io,copy gh_media_file
415,JB NJ #1201,D_gh_assets_s3000,3000,GH_jb-nft-assets_baseURI,meta/avalanche/nature-jam-2/415,GH_jb-nft-assets,https://jackbeatnic.github.io/jb-nft-assets/media/nature-jam-2/415.jpg,media/nature-jam-2/415.jpg,True,374,SUI/374_N_S.jpg or przygotowane/,https://jackbeatnic.github.io,copy gh_media_file
416,JB NJ #1202,D_gh_assets_s3000,3000,GH_jb-nft-assets_baseURI,meta/avalanche/nature-jam-2/416,GH_jb-nft-assets,https://jackbeatnic.github.io/jb-nft-assets/media/nature-jam-2/416.jpg,media/nature-jam-2/416.jpg,True,375,SUI/375_N_S.jpg or przygotowane/,https://jackbeatnic.github.io,copy gh_media_file
417,JB NJ #1203,D_gh_assets_s3000,3000,GH_jb-nft-assets_baseURI,meta/avalanche/nature-jam-2/417,GH_jb-nft-assets,https://jackbeatnic.github.io/jb-nft-assets/media/nature-jam-2/417.jpg,media/nature-jam-2/417.jpg,True,376,SUI/376_N_S.jpg or przygotowane/,https://jackbeatnic.github.io,copy gh_media_file
418,JB NJ #1204,D_gh_assets_s3000,3000,GH_jb-nft-assets_baseURI,meta/avalanche/nature-jam-2/418,GH_jb-nft-assets,https://jackbeatnic.github.io/jb-nft-assets/media/nature-jam-2/418.jpg,media/nature-jam-2/418.jpg,True,377,SUI/377_N_S.jpg or przygotowane/,https://jackbeatnic.github.io,copy gh_media_file
419,JB NJ #1205,D_gh_assets_s3000,3000,GH_jb-nft-assets_baseURI,meta/avalanche/nature-jam-2/419,GH_jb-nft-assets,https://jackbeatnic.github.io/jb-nft-assets/media/nature-jam-2/419.jpg,media/nature-jam-2/419.jpg,True,378,SUI/378_N_S.jpg or przygotowane/,https://jackbeatnic.github.io,copy gh_media_file
420,JB NJ #1206,D_gh_assets_s3000,3000,GH_jb-nft-assets_baseURI,meta/avalanche/nature-jam-2/420,GH_jb-nft-assets,https://jackbeatnic.github.io/jb-nft-assets/media/nature-jam-2/420.jpg,media/nature-jam-2/420.jpg,True,379,SUI/379_N_S.jpg or przygotowane/,https://jackbeatnic.github.io,copy gh_media_file
421,JB NJ #1207,D_gh_assets_s3000,3000,GH_jb-nft-assets_baseURI,meta/avalanche/nature-jam-2/421,GH_jb-nft-assets,https://jackbeatnic.github.io/jb-nft-assets/media/nature-jam-2/421.jpg,media/nature-jam-2/421.jpg,True,380,SUI/380_N_S.jpg or przygotowane/,https://jackbeatnic.github.io,copy gh_media_file
422,JB NJ #1208,D_gh_assets_s3000,3000,GH_jb-nft-assets_baseURI,meta/avalanche/nature-jam-2/422,GH_jb-nft-assets,https://jackbeatnic.github.io/jb-nft-assets/media/nature-jam-2/422.jpg,media/nature-jam-2/422.jpg,True,381,SUI/381_N_S.jpg or przygotowane/,https://jackbeatnic.github.io,copy gh_media_file
423,JB NJ #1209,D_gh_assets_s3000,3000,GH_jb-nft-assets_baseURI,meta/avalanche/nature-jam-2/423,GH_jb-nft-assets,https://jackbeatnic.github.io/jb-nft-assets/media/nature-jam-2/423.jpg,media/nature-jam-2/423.jpg,True,382,SUI/382_N_S.jpg or przygotowane/,https://jackbeatnic.github.io,copy gh_media_file
424,JB NJ #1210,D_gh_assets_s3000,3000,GH_jb-nft-assets_baseURI,meta/avalanche/nature-jam-2/424,GH_jb-nft-assets,https://jackbeatnic.github.io/jb-nft-assets/media/nature-jam-2/424.jpg,media/nature-jam-2/424.jpg,True,383,SUI/383_N_S.jpg or przygotowane/,https://jackbeatnic.github.io,copy gh_media_file
425,JB NJ #1211,D_gh_assets_s3000,3000,GH_jb-nft-assets_baseURI,meta/avalanche/nature-jam-2/425,GH_jb-nft-assets,https://jackbeatnic.github.io/jb-nft-assets/media/nature-jam-2/425.jpg,media/nature-jam-2/425.jpg,True,384,SUI/384_N_S.jpg or przygotowane/,https://jackbeatnic.github.io,copy gh_media_file
426,JB NJ #1212,D_gh_assets_s3000,3000,GH_jb-nft-assets_baseURI,meta/avalanche/nature-jam-2/426,GH_jb-nft-assets,https://jackbeatnic.github.io/jb-nft-assets/media/nature-jam-2/426.jpg,media/nature-jam-2/426.jpg,True,385,SUI/385_N_S.jpg or przygotowane/,https://jackbeatnic.github.io,copy gh_media_file
427,JB NJ #1213,D_gh_assets_s3000,3000,GH_jb-nft-assets_baseURI,meta/avalanche/nature-jam-2/427,GH_jb-nft-assets,https://jackbeatnic.github.io/jb-nft-assets/media/nature-jam-2/427.jpg,media/nature-jam-2/427.jpg,True,386,SUI/386_N_S.jpg or przygotowane/,https://jackbeatnic.github.io,copy gh_media_file
428,JB NJ #1214,D_gh_assets_s3000,3000,GH_jb-nft-assets_baseURI,meta/avalanche/nature-jam-2/428,GH_jb-nft-assets,https://jackbeatnic.github.io/jb-nft-assets/media/nature-jam-2/428.jpg,media/nature-jam-2/428.jpg,True,387,SUI/387_N_S.jpg or przygotowane/,https://jackbeatnic.github.io,copy gh_media_file
429,JB NJ #1215,D_gh_assets_s3000,3000,GH_jb-nft-assets_baseURI,meta/avalanche/nature-jam-2/429,GH_jb-nft-assets,https://jackbeatnic.github.io/jb-nft-assets/media/nature-jam-2/429.jpg,media/nature-jam-2/429.jpg,True,388,SUI/388_N_S.jpg or przygotowane/,https://jackbeatnic.github.io,copy gh_media_file
430,JB NJ #1216,D_gh_assets_s3000,3000,GH_jb-nft-assets_baseURI,meta/avalanche/nature-jam-2/430,GH_jb-nft-assets,https://jackbeatnic.github.io/jb-nft-assets/media/nature-jam-2/430.jpg,media/nature-jam-2/430.jpg,True,389,SUI/389_N_S.jpg or przygotowane/,https://jackbeatnic.github.io,copy gh_media_file
431,JB NJ #1217,D_gh_assets_s3000,3000,GH_jb-nft-assets_baseURI,meta/avalanche/nature-jam-2/431,GH_jb-nft-assets,https://jackbeatnic.github.io/jb-nft-assets/media/nature-jam-2/431.jpg,media/nature-jam-2/431.jpg,True,390,SUI/390_N_S.jpg or przygotowane/,https://jackbeatnic.github.io,copy gh_media_file
432,JB NJ #1218,D_gh_assets_s3000,3000,GH_jb-nft-assets_baseURI,meta/avalanche/nature-jam-2/432,GH_jb-nft-assets,https://jackbeatnic.github.io/jb-nft-assets/media/nature-jam-2/432.jpg,media/nature-jam-2/432.jpg,True,391,SUI/391_N_S.jpg or przygotowane/,https://jackbeatnic.github.io,copy gh_media_file
433,JB NJ #1219,D_gh_assets_s3000,3000,GH_jb-nft-assets_baseURI,meta/avalanche/nature-jam-2/433,GH_jb-nft-assets,https://jackbeatnic.github.io/jb-nft-assets/media/nature-jam-2/433.jpg,media/nature-jam-2/433.jpg,True,392,SUI/392_N_S.jpg or przygotowane/,https://jackbeatnic.github.io,copy gh_media_file
434,JB NJ #1220,D_gh_assets_s3000,3000,GH_jb-nft-assets_baseURI,meta/avalanche/nature-jam-2/434,GH_jb-nft-assets,https://jackbeatnic.github.io/jb-nft-assets/media/nature-jam-2/434.jpg,media/nature-jam-2/434.jpg,True,393,SUI/393_N_S.jpg or przygotowane/,https://jackbeatnic.github.io,copy gh_media_file
435,JB NJ #1221,D_gh_assets_s3000,3000,GH_jb-nft-assets_baseURI,meta/avalanche/nature-jam-2/435,GH_jb-nft-assets,https://jackbeatnic.github.io/jb-nft-assets/media/nature-jam-2/435.jpg,media/nature-jam-2/435.jpg,True,394,SUI/394_N_S.jpg or przygotowane/,https://jackbeatnic.github.io,copy gh_media_file
436,JB NJ #1222,D_gh_assets_s3000,3000,GH_jb-nft-assets_baseURI,meta/avalanche/nature-jam-2/436,GH_jb-nft-assets,https://jackbeatnic.github.io/jb-nft-assets/media/nature-jam-2/436.jpg,media/nature-jam-2/436.jpg,True,395,SUI/395_N_S.jpg or przygotowane/,https://jackbeatnic.github.io,copy gh_media_file
437,JB NJ #1223,D_gh_assets_s3000,3000,GH_jb-nft-assets_baseURI,meta/avalanche/nature-jam-2/437,GH_jb-nft-assets,https://jackbeatnic.github.io/jb-nft-assets/media/nature-jam-2/437.jpg,media/nature-jam-2/437.jpg,True,396,SUI/396_N_S.jpg or przygotowane/,https://jackbeatnic.github.io,copy gh_media_file
438,JB NJ #1224,D_gh_assets_s3000,3000,GH_jb-nft-assets_baseURI,meta/avalanche/nature-jam-2/438,GH_jb-nft-assets,https://jackbeatnic.github.io/jb-nft-assets/media/nature-jam-2/438.jpg,media/nature-jam-2/438.jpg,True,397,SUI/397_N_S.jpg or przygotowane/,https://jackbeatnic.github.io,copy gh_media_file
439,JB NJ #1225,D_gh_assets_s3000,3000,GH_jb-nft-assets_baseURI,meta/avalanche/nature-jam-2/439,GH_jb-nft-assets,https://jackbeatnic.github.io/jb-nft-assets/media/nature-jam-2/439.jpg,media/nature-jam-2/439.jpg,True,398,SUI/398_N_S.jpg or przygotowane/,https://jackbeatnic.github.io,copy gh_media_file
440,JB NJ #1226,D_gh_assets_s3000,3000,GH_jb-nft-assets_baseURI,meta/avalanche/nature-jam-2/440,GH_jb-nft-assets,https://jackbeatnic.github.io/jb-nft-assets/media/nature-jam-2/440.jpg,media/nature-jam-2/440.jpg,True,399,SUI/399_N_S.jpg or przygotowane/,https://jackbeatnic.github.io,copy gh_media_file
441,JB NJ #1227,D_gh_assets_s3000,3000,GH_jb-nft-assets_baseURI,meta/avalanche/nature-jam-2/441,GH_jb-nft-assets,https://jackbeatnic.github.io/jb-nft-assets/media/nature-jam-2/441.jpg,media/nature-jam-2/441.jpg,True,400,SUI/400_N_S.jpg or przygotowane/,https://jackbeatnic.github.io,copy gh_media_file
442,JB NJ #1228,D_gh_assets_s3000,3000,GH_jb-nft-assets_baseURI,meta/avalanche/nature-jam-2/442,GH_jb-nft-assets,https://jackbeatnic.github.io/jb-nft-assets/media/nature-jam-2/442.jpg,media/nature-jam-2/442.jpg,True,401,SUI/401_N_S.jpg or przygotowane/,https://jackbeatnic.github.io,copy gh_media_file
443,JB NJ #1229,D_gh_assets_s3000,3000,GH_jb-nft-assets_baseURI,meta/avalanche/nature-jam-2/443,GH_jb-nft-assets,https://jackbeatnic.github.io/jb-nft-assets/media/nature-jam-2/443.jpg,media/nature-jam-2/443.jpg,True,402,SUI/402_N_S.jpg or przygotowane/,https://jackbeatnic.github.io,copy gh_media_file
444,JB NJ #1230,D_gh_assets_s3000,3000,GH_jb-nft-assets_baseURI,meta/avalanche/nature-jam-2/444,GH_jb-nft-assets,https://jackbeatnic.github.io/jb-nft-assets/media/nature-jam-2/444.jpg,media/nature-jam-2/444.jpg,True,403,SUI/403_N_S.jpg or przygotowane/,https://jackbeatnic.github.io,copy gh_media_file
445,JB NJ #1231,D_gh_assets_s3000,3000,GH_jb-nft-assets_baseURI,meta/avalanche/nature-jam-2/445,GH_jb-nft-assets,https://jackbeatnic.github.io/jb-nft-assets/media/nature-jam-2/445.jpg,media/nature-jam-2/445.jpg,True,404,SUI/404_N_S.jpg or przygotowane/,https://jackbeatnic.github.io,copy gh_media_file
446,JB NJ #1232,D_gh_assets_s3000,3000,GH_jb-nft-assets_baseURI,meta/avalanche/nature-jam-2/446,GH_jb-nft-assets,https://jackbeatnic.github.io/jb-nft-assets/media/nature-jam-2/446.jpg,media/nature-jam-2/446.jpg,True,405,SUI/405_N_S.jpg or przygotowane/,https://jackbeatnic.github.io,copy gh_media_file
447,JB NJ #1233,D_gh_assets_s3000,3000,GH_jb-nft-assets_baseURI,meta/avalanche/nature-jam-2/447,GH_jb-nft-assets,https://jackbeatnic.github.io/jb-nft-assets/media/nature-jam-2/447.jpg,media/nature-jam-2/447.jpg,True,406,SUI/406_N_S.jpg or przygotowane/,https://jackbeatnic.github.io,copy gh_media_file
448,JB NJ #1234,D_gh_assets_s3000,3000,GH_jb-nft-assets_baseURI,meta/avalanche/nature-jam-2/448,GH_jb-nft-assets,https://jackbeatnic.github.io/jb-nft-assets/media/nature-jam-2/448.jpg,media/nature-jam-2/448.jpg,True,407,SUI/407_N_S.jpg or przygotowane/,https://jackbeatnic.github.io,copy gh_media_file
449,JB NJ #1235,D_gh_assets_s3000,3000,GH_jb-nft-assets_baseURI,meta/avalanche/nature-jam-2/449,GH_jb-nft-assets,https://jackbeatnic.github.io/jb-nft-assets/media/nature-jam-2/449.jpg,media/nature-jam-2/449.jpg,True,408,SUI/408_N_S.jpg or przygotowane/,https://jackbeatnic.github.io,copy gh_media_file
450,JB NJ #1236,D_gh_assets_s3000,3000,GH_jb-nft-assets_baseURI,meta/avalanche/nature-jam-2/450,GH_jb-nft-assets,https://jackbeatnic.github.io/jb-nft-assets/media/nature-jam-2/450.jpg,media/nature-jam-2/450.jpg,True,409,SUI/409_N_S.jpg or przygotowane/,https://jackbeatnic.github.io,copy gh_media_file
451,JB NJ #1237,D_gh_assets_s3000,3000,GH_jb-nft-assets_baseURI,meta/avalanche/nature-jam-2/451,GH_jb-nft-assets,https://jackbeatnic.github.io/jb-nft-assets/media/nature-jam-2/451.jpg,media/nature-jam-2/451.jpg,True,410,SUI/410_N_S.jpg or przygotowane/,https://jackbeatnic.github.io,copy gh_media_file
452,JB NJ #1238,D_gh_assets_s3000,3000,GH_jb-nft-assets_baseURI,meta/avalanche/nature-jam-2/452,GH_jb-nft-assets,https://jackbeatnic.github.io/jb-nft-assets/media/nature-jam-2/452.jpg,media/nature-jam-2/452.jpg,True,411,SUI/411_N_S.jpg or przygotowane/,https://jackbeatnic.github.io,copy gh_media_file
453,JB NJ #1239,D_gh_assets_s3000,3000,GH_jb-nft-assets_baseURI,meta/avalanche/nature-jam-2/453,GH_jb-nft-assets,https://jackbeatnic.github.io/jb-nft-assets/media/nature-jam-2/453.jpg,media/nature-jam-2/453.jpg,True,412,SUI/412_N_S.jpg or przygotowane/,https://jackbeatnic.github.io,copy gh_media_file
454,JB NJ #1240,D_gh_assets_s3000,3000,GH_jb-nft-assets_baseURI,meta/avalanche/nature-jam-2/454,GH_jb-nft-assets,https://jackbeatnic.github.io/jb-nft-assets/media/nature-jam-2/454.jpg,media/nature-jam-2/454.jpg,True,413,SUI/413_N_S.jpg or przygotowane/,https://jackbeatnic.github.io,copy gh_media_file
455,JB NJ #1241,D_gh_assets_s3000,3000,GH_jb-nft-assets_baseURI,meta/avalanche/nature-jam-2/455,GH_jb-nft-assets,https://jackbeatnic.github.io/jb-nft-assets/media/nature-jam-2/455.jpg,media/nature-jam-2/455.jpg,True,414,SUI/414_N_S.jpg or przygotowane/,https://jackbeatnic.github.io,copy gh_media_file
456,JB NJ #1242,D_gh_assets_s3000,3000,GH_jb-nft-assets_baseURI,meta/avalanche/nature-jam-2/456,GH_jb-nft-assets,https://jackbeatnic.github.io/jb-nft-assets/media/nature-jam-2/456.jpg,media/nature-jam-2/456.jpg,True,415,SUI/415_N_S.jpg or przygotowane/,https://jackbeatnic.github.io,copy gh_media_file
457,JB NJ #1243,D_gh_assets_s3000,3000,GH_jb-nft-assets_baseURI,meta/avalanche/nature-jam-2/457,GH_jb-nft-assets,https://jackbeatnic.github.io/jb-nft-assets/media/nature-jam-2/457.jpg,media/nature-jam-2/457.jpg,True,416,SUI/416_N_S.jpg or przygotowane/,https://jackbeatnic.github.io,copy gh_media_file
458,JB NJ #1244,D_gh_assets_s3000,3000,GH_jb-nft-assets_baseURI,meta/avalanche/nature-jam-2/458,GH_jb-nft-assets,https://jackbeatnic.github.io/jb-nft-assets/media/nature-jam-2/458.jpg,media/nature-jam-2/458.jpg,True,417,SUI/417_N_S.jpg or przygotowane/,https://jackbeatnic.github.io,copy gh_media_file
459,JB NJ #1245,D_gh_assets_s3000,3000,GH_jb-nft-assets_baseURI,meta/avalanche/nature-jam-2/459,GH_jb-nft-assets,https://jackbeatnic.github.io/jb-nft-assets/media/nature-jam-2/459.jpg,media/nature-jam-2/459.jpg,True,418,SUI/418_N_S.jpg or przygotowane/,https://jackbeatnic.github.io,copy gh_media_file
460,JB NJ #1246,D_gh_assets_s3000,3000,GH_jb-nft-assets_baseURI,meta/avalanche/nature-jam-2/460,GH_jb-nft-assets,https://jackbeatnic.github.io/jb-nft-assets/media/nature-jam-2/460.jpg,media/nature-jam-2/460.jpg,True,419,SUI/419_N_S.jpg or przygotowane/,https://jackbeatnic.github.io,copy gh_media_file
461,JB NJ #1247,D_gh_assets_s3000,3000,GH_jb-nft-assets_baseURI,meta/avalanche/nature-jam-2/461,GH_jb-nft-assets,https://jackbeatnic.github.io/jb-nft-assets/media/nature-jam-2/461.jpg,media/nature-jam-2/461.jpg,True,420,SUI/420_N_S.jpg or przygotowane/,https://jackbeatnic.github.io,copy gh_media_file
462,JB NJ #1248,D_gh_assets_s3000,3000,GH_jb-nft-assets_baseURI,meta/avalanche/nature-jam-2/462,GH_jb-nft-assets,https://jackbeatnic.github.io/jb-nft-assets/media/nature-jam-2/462.jpg,media/nature-jam-2/462.jpg,True,421,SUI/421_N_S.jpg or przygotowane/,https://jackbeatnic.github.io,copy gh_media_file
463,JB NJ #1249,D_gh_assets_s3000,3000,GH_jb-nft-assets_baseURI,meta/avalanche/nature-jam-2/463,GH_jb-nft-assets,https://jackbeatnic.github.io/jb-nft-assets/media/nature-jam-2/463.jpg,media/nature-jam-2/463.jpg,True,422,SUI/422_N_S.jpg or przygotowane/,https://jackbeatnic.github.io,copy gh_media_file
464,JB NJ #1250,D_gh_assets_s3000,3000,GH_jb-nft-assets_baseURI,meta/avalanche/nature-jam-2/464,GH_jb-nft-assets,https://jackbeatnic.github.io/jb-nft-assets/media/nature-jam-2/464.jpg,media/nature-jam-2/464.jpg,True,423,SUI/423_N_S.jpg or przygotowane/,https://jackbeatnic.github.io,copy gh_media_file
465,JB NJ #1251,D_gh_assets_s3000,3000,GH_jb-nft-assets_baseURI,meta/avalanche/nature-jam-2/465,GH_jb-nft-assets,https://jackbeatnic.github.io/jb-nft-assets/media/nature-jam-2/465.jpg,media/nature-jam-2/465.jpg,True,424,SUI/424_N_S.jpg or przygotowane/,https://jackbeatnic.github.io,copy gh_media_file
466,JB NJ #1252,D_gh_assets_s3000,3000,GH_jb-nft-assets_baseURI,meta/avalanche/nature-jam-2/466,GH_jb-nft-assets,https://jackbeatnic.github.io/jb-nft-assets/media/nature-jam-2/466.jpg,media/nature-jam-2/466.jpg,True,425,SUI/425_N_S.jpg or przygotowane/,https://jackbeatnic.github.io,copy gh_media_file
467,JB NJ #1253,D_gh_assets_s3000,3000,GH_jb-nft-assets_baseURI,meta/avalanche/nature-jam-2/467,GH_jb-nft-assets,https://jackbeatnic.github.io/jb-nft-assets/media/nature-jam-2/467.jpg,media/nature-jam-2/467.jpg,True,426,SUI/426_N_S.jpg or przygotowane/,https://jackbeatnic.github.io,copy gh_media_file
468,JB NJ #1254,D_gh_assets_s3000,3000,GH_jb-nft-assets_baseURI,meta/avalanche/nature-jam-2/468,GH_jb-nft-assets,https://jackbeatnic.github.io/jb-nft-assets/media/nature-jam-2/468.jpg,media/nature-jam-2/468.jpg,True,427,SUI/427_N_S.jpg or przygotowane/,https://jackbeatnic.github.io,copy gh_media_file
469,JB NJ #1255,D_gh_assets_s3000,3000,GH_jb-nft-assets_baseURI,meta/avalanche/nature-jam-2/469,GH_jb-nft-assets,https://jackbeatnic.github.io/jb-nft-assets/media/nature-jam-2/469.jpg,media/nature-jam-2/469.jpg,True,428,SUI/428_N_S.jpg or przygotowane/,https://jackbeatnic.github.io,copy gh_media_file
470,JB NJ #1256,D_gh_assets_s3000,3000,GH_jb-nft-assets_baseURI,meta/avalanche/nature-jam-2/470,GH_jb-nft-assets,https://jackbeatnic.github.io/jb-nft-assets/media/nature-jam-2/470.jpg,media/nature-jam-2/470.jpg,True,429,SUI/429_N_S.jpg or przygotowane/,https://jackbeatnic.github.io,copy gh_media_file
471,JB NJ #1257,D_gh_assets_s3000,3000,GH_jb-nft-assets_baseURI,meta/avalanche/nature-jam-2/471,GH_jb-nft-assets,https://jackbeatnic.github.io/jb-nft-assets/media/nature-jam-2/471.jpg,media/nature-jam-2/471.jpg,True,430,SUI/430_N_S.jpg or przygotowane/,https://jackbeatnic.github.io,copy gh_media_file
472,JB NJ #1258,D_gh_assets_s3000,3000,GH_jb-nft-assets_baseURI,meta/avalanche/nature-jam-2/472,GH_jb-nft-assets,https://jackbeatnic.github.io/jb-nft-assets/media/nature-jam-2/472.jpg,media/nature-jam-2/472.jpg,True,431,SUI/431_N_S.jpg or przygotowane/,https://jackbeatnic.github.io,copy gh_media_file
473,JB NJ #1259,D_gh_assets_s3000,3000,GH_jb-nft-assets_baseURI,meta/avalanche/nature-jam-2/473,GH_jb-nft-assets,https://jackbeatnic.github.io/jb-nft-assets/media/nature-jam-2/473.jpg,media/nature-jam-2/473.jpg,True,432,SUI/432_N_S.jpg or przygotowane/,https://jackbeatnic.github.io,copy gh_media_file
474,JB NJ #1260,D_gh_assets_s3000,3000,GH_jb-nft-assets_baseURI,meta/avalanche/nature-jam-2/474,GH_jb-nft-assets,https://jackbeatnic.github.io/jb-nft-assets/media/nature-jam-2/474.jpg,media/nature-jam-2/474.jpg,True,433,SUI/433_N_S.jpg or przygotowane/,https://jackbeatnic.github.io,copy gh_media_file
475,JB NJ #1261,D_gh_assets_s3000,3000,GH_jb-nft-assets_baseURI,meta/avalanche/nature-jam-2/475,GH_jb-nft-assets,https://jackbeatnic.github.io/jb-nft-assets/media/nature-jam-2/475.jpg,media/nature-jam-2/475.jpg,True,434,SUI/434_N_S.jpg or przygotowane/,https://jackbeatnic.github.io,copy gh_media_file
476,JB NJ #1262,D_gh_assets_s3000,3000,GH_jb-nft-assets_baseURI,meta/avalanche/nature-jam-2/476,GH_jb-nft-assets,https://jackbeatnic.github.io/jb-nft-assets/media/nature-jam-2/476.jpg,media/nature-jam-2/476.jpg,True,435,SUI/435_N_S.jpg or przygotowane/,https://jackbeatnic.github.io,copy gh_media_file
477,JB NJ #1263,D_gh_assets_s3000,3000,GH_jb-nft-assets_baseURI,meta/avalanche/nature-jam-2/477,GH_jb-nft-assets,https://jackbeatnic.github.io/jb-nft-assets/media/nature-jam-2/477.jpg,media/nature-jam-2/477.jpg,True,436,SUI/436_N_S.jpg or przygotowane/,https://jackbeatnic.github.io,copy gh_media_file
478,JB NJ #1264,D_gh_assets_s3000,3000,GH_jb-nft-assets_baseURI,meta/avalanche/nature-jam-2/478,GH_jb-nft-assets,https://jackbeatnic.github.io/jb-nft-assets/media/nature-jam-2/478.jpg,media/nature-jam-2/478.jpg,True,437,SUI/437_N_S.jpg or przygotowane/,https://jackbeatnic.github.io,copy gh_media_file
479,JB NJ #1265,D_gh_assets_s3000,3000,GH_jb-nft-assets_baseURI,meta/avalanche/nature-jam-2/479,GH_jb-nft-assets,https://jackbeatnic.github.io/jb-nft-assets/media/nature-jam-2/479.jpg,media/nature-jam-2/479.jpg,True,438,SUI/438_N_S.jpg or przygotowane/,https://jackbeatnic.github.io,copy gh_media_file
480,JB NJ #1266,D_gh_assets_s3000,3000,GH_jb-nft-assets_baseURI,meta/avalanche/nature-jam-2/480,GH_jb-nft-assets,https://jackbeatnic.github.io/jb-nft-assets/media/nature-jam-2/480.jpg,media/nature-jam-2/480.jpg,True,439,SUI/439_N_S.jpg or przygotowane/,https://jackbeatnic.github.io,copy gh_media_file
481,JB NJ #1267,D_gh_assets_s3000,3000,GH_jb-nft-assets_baseURI,meta/avalanche/nature-jam-2/481,GH_jb-nft-assets,https://jackbeatnic.github.io/jb-nft-assets/media/nature-jam-2/481.jpg,media/nature-jam-2/481.jpg,True,440,SUI/440_N_S.jpg or przygotowane/,https://jackbeatnic.github.io,copy gh_media_file
482,JB NJ #1268,D_gh_assets_s3000,3000,GH_jb-nft-assets_baseURI,meta/avalanche/nature-jam-2/482,GH_jb-nft-assets,https://jackbeatnic.github.io/jb-nft-assets/media/nature-jam-2/482.jpg,media/nature-jam-2/482.jpg,True,441,SUI/441_N_S.jpg or przygotowane/,https://jackbeatnic.github.io,copy gh_media_file
483,JB NJ #1269,D_gh_assets_s3000,3000,GH_jb-nft-assets_baseURI,meta/avalanche/nature-jam-2/483,GH_jb-nft-assets,https://jackbeatnic.github.io/jb-nft-assets/media/nature-jam-2/483.jpg,media/nature-jam-2/483.jpg,True,442,SUI/442_N_S.jpg or przygotowane/,https://jackbeatnic.github.io,copy gh_media_file
484,JB NJ #1270,D_gh_assets_s3000,3000,GH_jb-nft-assets_baseURI,meta/avalanche/nature-jam-2/484,GH_jb-nft-assets,https://jackbeatnic.github.io/jb-nft-assets/media/nature-jam-2/484.jpg,media/nature-jam-2/484.jpg,True,443,SUI/443_N_S.jpg or przygotowane/,https://jackbeatnic.github.io,copy gh_media_file
485,JB NJ #1271,D_gh_assets_s3000,3000,GH_jb-nft-assets_baseURI,meta/avalanche/nature-jam-2/485,GH_jb-nft-assets,https://jackbeatnic.github.io/jb-nft-assets/media/nature-jam-2/485.jpg,media/nature-jam-2/485.jpg,True,444,SUI/444_N_S.jpg or przygotowane/,https://jackbeatnic.github.io,copy gh_media_file
486,JB NJ #1272,D_gh_assets_s3000,3000,GH_jb-nft-assets_baseURI,meta/avalanche/nature-jam-2/486,GH_jb-nft-assets,https://jackbeatnic.github.io/jb-nft-assets/media/nature-jam-2/486.jpg,media/nature-jam-2/486.jpg,True,445,SUI/445_N_S.jpg or przygotowane/,https://jackbeatnic.github.io,copy gh_media_file
487,JB NJ #1273,D_gh_assets_s3000,3000,GH_jb-nft-assets_baseURI,meta/avalanche/nature-jam-2/487,GH_jb-nft-assets,https://jackbeatnic.github.io/jb-nft-assets/media/nature-jam-2/487.jpg,media/nature-jam-2/487.jpg,True,446,SUI/446_N_S.jpg or przygotowane/,https://jackbeatnic.github.io,copy gh_media_file
488,JB NJ #1274,D_gh_assets_s3000,3000,GH_jb-nft-assets_baseURI,meta/avalanche/nature-jam-2/488,GH_jb-nft-assets,https://jackbeatnic.github.io/jb-nft-assets/media/nature-jam-2/488.jpg,media/nature-jam-2/488.jpg,True,447,SUI/447_N_S.jpg or przygotowane/,https://jackbeatnic.github.io,copy gh_media_file
489,JB NJ #1275,D_gh_assets_s3000,3000,GH_jb-nft-assets_baseURI,meta/avalanche/nature-jam-2/489,GH_jb-nft-assets,https://jackbeatnic.github.io/jb-nft-assets/media/nature-jam-2/489.jpg,media/nature-jam-2/489.jpg,True,448,SUI/448_N_S.jpg or przygotowane/,https://jackbeatnic.github.io,copy gh_media_file
490,JB NJ #1276,D_gh_assets_s3000,3000,GH_jb-nft-assets_baseURI,meta/avalanche/nature-jam-2/490,GH_jb-nft-assets,https://jackbeatnic.github.io/jb-nft-assets/media/nature-jam-2/490.jpg,media/nature-jam-2/490.jpg,True,449,SUI/449_N_S.jpg or przygotowane/,https://jackbeatnic.github.io,copy gh_media_file
491,JB NJ #1277,D_gh_assets_s3000,3000,GH_jb-nft-assets_baseURI,meta/avalanche/nature-jam-2/491,GH_jb-nft-assets,https://jackbeatnic.github.io/jb-nft-assets/media/nature-jam-2/491.jpg,media/nature-jam-2/491.jpg,True,450,SUI/450_N_S.jpg or przygotowane/,https://jackbeatnic.github.io,copy gh_media_file
492,JB NJ #1278,D_gh_assets_s3000,3000,GH_jb-nft-assets_baseURI,meta/avalanche/nature-jam-2/492,GH_jb-nft-assets,https://jackbeatnic.github.io/jb-nft-assets/media/nature-jam-2/492.jpg,media/nature-jam-2/492.jpg,True,451,SUI/451_N_S.jpg or przygotowane/,https://jackbeatnic.github.io,copy gh_media_file
493,JB NJ #1279,D_gh_assets_s3000,3000,GH_jb-nft-assets_baseURI,meta/avalanche/nature-jam-2/493,GH_jb-nft-assets,https://jackbeatnic.github.io/jb-nft-assets/media/nature-jam-2/493.jpg,media/nature-jam-2/493.jpg,True,452,SUI/452_N_S.jpg or przygotowane/,https://jackbeatnic.github.io,copy gh_media_file
494,JB NJ #1280,D_gh_assets_s3000,3000,GH_jb-nft-assets_baseURI,meta/avalanche/nature-jam-2/494,GH_jb-nft-assets,https://jackbeatnic.github.io/jb-nft-assets/media/nature-jam-2/494.jpg,media/nature-jam-2/494.jpg,True,453,SUI/453_N_S.jpg or przygotowane/,https://jackbeatnic.github.io,copy gh_media_file
495,JB NJ #1281,D_gh_assets_s3000,3000,GH_jb-nft-assets_baseURI,meta/avalanche/nature-jam-2/495,GH_jb-nft-assets,https://jackbeatnic.github.io/jb-nft-assets/media/nature-jam-2/495.jpg,media/nature-jam-2/495.jpg,True,454,SUI/454_N_S.jpg or przygotowane/,https://jackbeatnic.github.io,copy gh_media_file
496,JB NJ #1282,D_gh_assets_s3000,3000,GH_jb-nft-assets_baseURI,meta/avalanche/nature-jam-2/496,GH_jb-nft-assets,https://jackbeatnic.github.io/jb-nft-assets/media/nature-jam-2/496.jpg,media/nature-jam-2/496.jpg,True,455,SUI/455_N_S.jpg or przygotowane/,https://jackbeatnic.github.io,copy gh_media_file
497,JB NJ #1283,D_gh_assets_s3000,3000,GH_jb-nft-assets_baseURI,meta/avalanche/nature-jam-2/497,GH_jb-nft-assets,https://jackbeatnic.github.io/jb-nft-assets/media/nature-jam-2/497.jpg,media/nature-jam-2/497.jpg,True,456,SUI/456_N_S.jpg or przygotowane/,https://jackbeatnic.github.io,copy gh_media_file
498,JB NJ #1284,D_gh_assets_s3000,3000,GH_jb-nft-assets_baseURI,meta/avalanche/nature-jam-2/498,GH_jb-nft-assets,https://jackbeatnic.github.io/jb-nft-assets/media/nature-jam-2/498.jpg,media/nature-jam-2/498.jpg,True,457,SUI/457_N_S.jpg or przygotowane/,https://jackbeatnic.github.io,copy gh_media_file
499,JB NJ #1285,D_gh_assets_s3000,3000,GH_jb-nft-assets_baseURI,meta/avalanche/nature-jam-2/499,GH_jb-nft-assets,https://jackbeatnic.github.io/jb-nft-assets/media/nature-jam-2/499.jpg,media/nature-jam-2/499.jpg,True,458,SUI/458_N_S.jpg or przygotowane/,https://jackbeatnic.github.io,copy gh_media_file
500,JB NJ #1286,D_gh_assets_s3000,3000,GH_jb-nft-assets_baseURI,meta/avalanche/nature-jam-2/500,GH_jb-nft-assets,https://jackbeatnic.github.io/jb-nft-assets/media/nature-jam-2/500.jpg,media/nature-jam-2/500.jpg,True,459,SUI/459_N_S.jpg or przygotowane/,https://jackbeatnic.github.io,copy gh_media_file
501,JB NJ #1287,D_gh_assets_s3000,3000,GH_jb-nft-assets_baseURI,meta/avalanche/nature-jam-2/501,GH_jb-nft-assets,https://jackbeatnic.github.io/jb-nft-assets/media/nature-jam-2/501.jpg,media/nature-jam-2/501.jpg,True,460,SUI/460_N_S.jpg or przygotowane/,https://jackbeatnic.github.io,copy gh_media_file
502,JB NJ #1288,D_gh_assets_s3000,3000,GH_jb-nft-assets_baseURI,meta/avalanche/nature-jam-2/502,GH_jb-nft-assets,https://jackbeatnic.github.io/jb-nft-assets/media/nature-jam-2/502.jpg,media/nature-jam-2/502.jpg,True,461,SUI/461_N_S.jpg or przygotowane/,https://jackbeatnic.github.io,copy gh_media_file
503,JB NJ #1289,D_gh_assets_s3000,3000,GH_jb-nft-assets_baseURI,meta/avalanche/nature-jam-2/503,GH_jb-nft-assets,https://jackbeatnic.github.io/jb-nft-assets/media/nature-jam-2/503.jpg,media/nature-jam-2/503.jpg,True,462,SUI/462_N_S.jpg or przygotowane/,https://jackbeatnic.github.io,copy gh_media_file
504,JB NJ #1290,D_gh_assets_s3000,3000,GH_jb-nft-assets_baseURI,meta/avalanche/nature-jam-2/504,GH_jb-nft-assets,https://jackbeatnic.github.io/jb-nft-assets/media/nature-jam-2/504.jpg,media/nature-jam-2/504.jpg,True,463,SUI/463_N_S.jpg or przygotowane/,https://jackbeatnic.github.io,copy gh_media_file
505,JB NJ #1291,D_gh_assets_s3000,3000,GH_jb-nft-assets_baseURI,meta/avalanche/nature-jam-2/505,GH_jb-nft-assets,https://jackbeatnic.github.io/jb-nft-assets/media/nature-jam-2/505.jpg,media/nature-jam-2/505.jpg,True,464,SUI/464_N_S.jpg or przygotowane/,https://jackbeatnic.github.io,copy gh_media_file
506,JB NJ #1292,D_gh_assets_s3000,3000,GH_jb-nft-assets_baseURI,meta/avalanche/nature-jam-2/506,GH_jb-nft-assets,https://jackbeatnic.github.io/jb-nft-assets/media/nature-jam-2/506.jpg,media/nature-jam-2/506.jpg,True,465,SUI/465_N_S.jpg or przygotowane/,https://jackbeatnic.github.io,copy gh_media_file
507,JB NJ #1293,D_gh_assets_s3000,3000,GH_jb-nft-assets_baseURI,meta/avalanche/nature-jam-2/507,GH_jb-nft-assets,https://jackbeatnic.github.io/jb-nft-assets/media/nature-jam-2/507.jpg,media/nature-jam-2/507.jpg,True,466,SUI/466_N_S.jpg or przygotowane/,https://jackbeatnic.github.io,copy gh_media_file
508,JB NJ #1294,D_gh_assets_s3000,3000,GH_jb-nft-assets_baseURI,meta/avalanche/nature-jam-2/508,GH_jb-nft-assets,https://jackbeatnic.github.io/jb-nft-assets/media/nature-jam-2/508.jpg,media/nature-jam-2/508.jpg,True,467,SUI/467_N_S.jpg or przygotowane/,https://jackbeatnic.github.io,copy gh_media_file
509,JB NJ #1295,D_gh_assets_s3000,3000,GH_jb-nft-assets_baseURI,meta/avalanche/nature-jam-2/509,GH_jb-nft-assets,https://jackbeatnic.github.io/jb-nft-assets/media/nature-jam-2/509.jpg,media/nature-jam-2/509.jpg,True,468,SUI/468_N_S.jpg or przygotowane/,https://jackbeatnic.github.io,copy gh_media_file
510,JB NJ #1296,D_gh_assets_s3000,3000,GH_jb-nft-assets_baseURI,meta/avalanche/nature-jam-2/510,GH_jb-nft-assets,https://jackbeatnic.github.io/jb-nft-assets/media/nature-jam-2/510.jpg,media/nature-jam-2/510.jpg,True,469,SUI/469_N_S.jpg or przygotowane/,https://jackbeatnic.github.io,copy gh_media_file
511,JB NJ #1297,D_gh_assets_s3000,3000,GH_jb-nft-assets_baseURI,meta/avalanche/nature-jam-2/511,GH_jb-nft-assets,https://jackbeatnic.github.io/jb-nft-assets/media/nature-jam-2/511.jpg,media/nature-jam-2/511.jpg,True,470,SUI/470_N_S.jpg or przygotowane/,https://jackbeatnic.github.io,copy gh_media_file
512,JB NJ #1298,D_gh_assets_s3000,3000,GH_jb-nft-assets_baseURI,meta/avalanche/nature-jam-2/512,GH_jb-nft-assets,https://jackbeatnic.github.io/jb-nft-assets/media/nature-jam-2/512.jpg,media/nature-jam-2/512.jpg,True,471,SUI/471_N_S.jpg or przygotowane/,https://jackbeatnic.github.io,copy gh_media_file
513,JB NJ #1299,D_gh_assets_s3000,3000,GH_jb-nft-assets_baseURI,meta/avalanche/nature-jam-2/513,GH_jb-nft-assets,https://jackbeatnic.github.io/jb-nft-assets/media/nature-jam-2/513.jpg,media/nature-jam-2/513.jpg,True,472,SUI/472_N_S.jpg or przygotowane/,https://jackbeatnic.github.io,copy gh_media_file
514,JB NJ #1300,D_gh_assets_s3000,3000,GH_jb-nft-assets_baseURI,meta/avalanche/nature-jam-2/514,GH_jb-nft-assets,https://jackbeatnic.github.io/jb-nft-assets/media/nature-jam-2/514.jpg,media/nature-jam-2/514.jpg,True,473,SUI/473_N_S.jpg or przygotowane/,https://jackbeatnic.github.io,copy gh_media_file
515,JB NJ #1301,D_gh_assets_s3000,3000,GH_jb-nft-assets_baseURI,meta/avalanche/nature-jam-2/515,GH_jb-nft-assets,https://jackbeatnic.github.io/jb-nft-assets/media/nature-jam-2/515.jpg,media/nature-jam-2/515.jpg,True,474,SUI/474_N_S.jpg or przygotowane/,https://jackbeatnic.github.io,copy gh_media_file
516,JB NJ #1302,D_gh_assets_s3000,3000,GH_jb-nft-assets_baseURI,meta/avalanche/nature-jam-2/516,GH_jb-nft-assets,https://jackbeatnic.github.io/jb-nft-assets/media/nature-jam-2/516.jpg,media/nature-jam-2/516.jpg,True,475,SUI/475_N_S.jpg or przygotowane/,https://jackbeatnic.github.io,copy gh_media_file
517,JB NJ #1303,D_gh_assets_s3000,3000,GH_jb-nft-assets_baseURI,meta/avalanche/nature-jam-2/517,GH_jb-nft-assets,https://jackbeatnic.github.io/jb-nft-assets/media/nature-jam-2/517.jpg,media/nature-jam-2/517.jpg,True,476,SUI/476_N_S.jpg or przygotowane/,https://jackbeatnic.github.io,copy gh_media_file
518,JB NJ #1304,D_gh_assets_s3000,3000,GH_jb-nft-assets_baseURI,meta/avalanche/nature-jam-2/518,GH_jb-nft-assets,https://jackbeatnic.github.io/jb-nft-assets/media/nature-jam-2/518.jpg,media/nature-jam-2/518.jpg,True,477,SUI/477_N_S.jpg or przygotowane/,https://jackbeatnic.github.io,copy gh_media_file
519,JB NJ #1305,D_gh_assets_s3000,3000,GH_jb-nft-assets_baseURI,meta/avalanche/nature-jam-2/519,GH_jb-nft-assets,https://jackbeatnic.github.io/jb-nft-assets/media/nature-jam-2/519.jpg,media/nature-jam-2/519.jpg,True,478,SUI/478_N_S.jpg or przygotowane/,https://jackbeatnic.github.io,copy gh_media_file
520,JB NJ #1306,D_gh_assets_s3000,3000,GH_jb-nft-assets_baseURI,meta/avalanche/nature-jam-2/520,GH_jb-nft-assets,https://jackbeatnic.github.io/jb-nft-assets/media/nature-jam-2/520.jpg,media/nature-jam-2/520.jpg,True,479,SUI/479_N_S.jpg or przygotowane/,https://jackbeatnic.github.io,copy gh_media_file
521,JB NJ #1307,D_gh_assets_s3000,3000,GH_jb-nft-assets_baseURI,meta/avalanche/nature-jam-2/521,GH_jb-nft-assets,https://jackbeatnic.github.io/jb-nft-assets/media/nature-jam-2/521.jpg,media/nature-jam-2/521.jpg,True,480,SUI/480_N_S.jpg or przygotowane/,https://jackbeatnic.github.io,copy gh_media_file
522,JB NJ #1308,D_gh_assets_s3000,3000,GH_jb-nft-assets_baseURI,meta/avalanche/nature-jam-2/522,GH_jb-nft-assets,https://jackbeatnic.github.io/jb-nft-assets/media/nature-jam-2/522.jpg,media/nature-jam-2/522.jpg,True,481,SUI/481_N_S.jpg or przygotowane/,https://jackbeatnic.github.io,copy gh_media_file
523,JB NJ #1309,D_gh_assets_s3000,3000,GH_jb-nft-assets_baseURI,meta/avalanche/nature-jam-2/523,GH_jb-nft-assets,https://jackbeatnic.github.io/jb-nft-assets/media/nature-jam-2/523.jpg,media/nature-jam-2/523.jpg,True,482,SUI/482_N_S.jpg or przygotowane/,https://jackbeatnic.github.io,copy gh_media_file
524,JB NJ #1310,D_gh_assets_s3000,3000,GH_jb-nft-assets_baseURI,meta/avalanche/nature-jam-2/524,GH_jb-nft-assets,https://jackbeatnic.github.io/jb-nft-assets/media/nature-jam-2/524.jpg,media/nature-jam-2/524.jpg,True,483,SUI/483_N_S.jpg or przygotowane/,https://jackbeatnic.github.io,copy gh_media_file
525,JB NJ #1311,D_gh_assets_s3000,3000,GH_jb-nft-assets_baseURI,meta/avalanche/nature-jam-2/525,GH_jb-nft-assets,https://jackbeatnic.github.io/jb-nft-assets/media/nature-jam-2/525.jpg,media/nature-jam-2/525.jpg,True,484,SUI/484_N_S.jpg or przygotowane/,https://jackbeatnic.github.io,copy gh_media_file
526,JB NJ #1312,D_gh_assets_s3000,3000,GH_jb-nft-assets_baseURI,meta/avalanche/nature-jam-2/526,GH_jb-nft-assets,https://jackbeatnic.github.io/jb-nft-assets/media/nature-jam-2/526.jpg,media/nature-jam-2/526.jpg,True,485,SUI/485_N_S.jpg or przygotowane/,https://jackbeatnic.github.io,copy gh_media_file
527,JB NJ #1313,D_gh_assets_s3000,3000,GH_jb-nft-assets_baseURI,meta/avalanche/nature-jam-2/527,GH_jb-nft-assets,https://jackbeatnic.github.io/jb-nft-assets/media/nature-jam-2/527.jpg,media/nature-jam-2/527.jpg,True,486,SUI/486_N_S.jpg or przygotowane/,https://jackbeatnic.github.io,copy gh_media_file
528,JB NJ #1314,D_gh_assets_s3000,3000,GH_jb-nft-assets_baseURI,meta/avalanche/nature-jam-2/528,GH_jb-nft-assets,https://jackbeatnic.github.io/jb-nft-assets/media/nature-jam-2/528.jpg,media/nature-jam-2/528.jpg,True,487,SUI/487_N_S.jpg or przygotowane/,https://jackbeatnic.github.io,copy gh_media_file
529,JB NJ #1315,D_gh_assets_s3000,3000,GH_jb-nft-assets_baseURI,meta/avalanche/nature-jam-2/529,GH_jb-nft-assets,https://jackbeatnic.github.io/jb-nft-assets/media/nature-jam-2/529.jpg,media/nature-jam-2/529.jpg,True,488,SUI/488_N_S.jpg or przygotowane/,https://jackbeatnic.github.io,copy gh_media_file
530,JB NJ #1316,D_gh_assets_s3000,3000,GH_jb-nft-assets_baseURI,meta/avalanche/nature-jam-2/530,GH_jb-nft-assets,https://jackbeatnic.github.io/jb-nft-assets/media/nature-jam-2/530.jpg,media/nature-jam-2/530.jpg,True,489,SUI/489_N_S.jpg or przygotowane/,https://jackbeatnic.github.io,copy gh_media_file
531,JB NJ #1317,D_gh_assets_s3000,3000,GH_jb-nft-assets_baseURI,meta/avalanche/nature-jam-2/531,GH_jb-nft-assets,https://jackbeatnic.github.io/jb-nft-assets/media/nature-jam-2/531.jpg,media/nature-jam-2/531.jpg,True,490,SUI/490_N_S.jpg or przygotowane/,https://jackbeatnic.github.io,copy gh_media_file
532,JB NJ #1318,D_gh_assets_s3000,3000,GH_jb-nft-assets_baseURI,meta/avalanche/nature-jam-2/532,GH_jb-nft-assets,https://jackbeatnic.github.io/jb-nft-assets/media/nature-jam-2/532.jpg,media/nature-jam-2/532.jpg,True,491,SUI/491_N_S.jpg or przygotowane/,https://jackbeatnic.github.io,copy gh_media_file
533,JB NJ #1319,D_gh_assets_s3000,3000,GH_jb-nft-assets_baseURI,meta/avalanche/nature-jam-2/533,GH_jb-nft-assets,https://jackbeatnic.github.io/jb-nft-assets/media/nature-jam-2/533.jpg,media/nature-jam-2/533.jpg,True,492,SUI/492_N_S.jpg or przygotowane/,https://jackbeatnic.github.io,copy gh_media_file
534,JB NJ #1320,D_gh_assets_s3000,3000,GH_jb-nft-assets_baseURI,meta/avalanche/nature-jam-2/534,GH_jb-nft-assets,https://jackbeatnic.github.io/jb-nft-assets/media/nature-jam-2/534.jpg,media/nature-jam-2/534.jpg,True,493,SUI/493_N_S.jpg or przygotowane/,https://jackbeatnic.github.io,copy gh_media_file
535,JB NJ #1321,D_gh_assets_s3000,3000,GH_jb-nft-assets_baseURI,meta/avalanche/nature-jam-2/535,GH_jb-nft-assets,https://jackbeatnic.github.io/jb-nft-assets/media/nature-jam-2/535.jpg,media/nature-jam-2/535.jpg,True,494,SUI/494_N_S.jpg or przygotowane/,https://jackbeatnic.github.io,copy gh_media_file
536,JB NJ #1322,D_gh_assets_s3000,3000,GH_jb-nft-assets_baseURI,meta/avalanche/nature-jam-2/536,GH_jb-nft-assets,https://jackbeatnic.github.io/jb-nft-assets/media/nature-jam-2/536.jpg,media/nature-jam-2/536.jpg,True,495,SUI/495_N_S.jpg or przygotowane/,https://jackbeatnic.github.io,copy gh_media_file
537,JB NJ #1323,D_gh_assets_s3000,3000,GH_jb-nft-assets_baseURI,meta/avalanche/nature-jam-2/537,GH_jb-nft-assets,https://jackbeatnic.github.io/jb-nft-assets/media/nature-jam-2/537.jpg,media/nature-jam-2/537.jpg,True,496,SUI/496_N_S.jpg or przygotowane/,https://jackbeatnic.github.io,copy gh_media_file
538,JB NJ #1324,D_gh_assets_s3000,3000,GH_jb-nft-assets_baseURI,meta/avalanche/nature-jam-2/538,GH_jb-nft-assets,https://jackbeatnic.github.io/jb-nft-assets/media/nature-jam-2/538.jpg,media/nature-jam-2/538.jpg,True,497,SUI/497_N_S.jpg or przygotowane/,https://jackbeatnic.github.io,copy gh_media_file
539,JB NJ #1325,D_gh_assets_s3000,3000,GH_jb-nft-assets_baseURI,meta/avalanche/nature-jam-2/539,GH_jb-nft-assets,https://jackbeatnic.github.io/jb-nft-assets/media/nature-jam-2/539.jpg,media/nature-jam-2/539.jpg,True,498,SUI/498_N_S.jpg or przygotowane/,https://jackbeatnic.github.io,copy gh_media_file
540,JB NJ #1326,D_gh_assets_s3000,3000,GH_jb-nft-assets_baseURI,meta/avalanche/nature-jam-2/540,GH_jb-nft-assets,https://jackbeatnic.github.io/jb-nft-assets/media/nature-jam-2/540.jpg,media/nature-jam-2/540.jpg,True,499,SUI/499_N_S.jpg or przygotowane/,https://jackbeatnic.github.io,copy gh_media_file
541,JB NJ #1327,D_gh_assets_s3000,3000,GH_jb-nft-assets_baseURI,meta/avalanche/nature-jam-2/541,GH_jb-nft-assets,https://jackbeatnic.github.io/jb-nft-assets/media/nature-jam-2/541.jpg,media/nature-jam-2/541.jpg,True,500,SUI/500_N_S.jpg or przygotowane/,https://jackbeatnic.github.io,copy gh_media_file
542,JB NJ #1328,D_gh_assets_s3000,3000,GH_jb-nft-assets_baseURI,meta/avalanche/nature-jam-2/542,GH_jb-nft-assets,https://jackbeatnic.github.io/jb-nft-assets/media/nature-jam-2/542.jpg,media/nature-jam-2/542.jpg,True,501,SUI/501_N_S.jpg or przygotowane/,https://jackbeatnic.github.io,copy gh_media_file
543,JB NJ #1329,D_gh_assets_s3000,3000,GH_jb-nft-assets_baseURI,meta/avalanche/nature-jam-2/543,GH_jb-nft-assets,https://jackbeatnic.github.io/jb-nft-assets/media/nature-jam-2/543.jpg,media/nature-jam-2/543.jpg,True,502,SUI/502_N_S.jpg or przygotowane/,https://jackbeatnic.github.io,copy gh_media_file
544,JB NJ #1330,D_gh_assets_s3000,3000,GH_jb-nft-assets_baseURI,meta/avalanche/nature-jam-2/544,GH_jb-nft-assets,https://jackbeatnic.github.io/jb-nft-assets/media/nature-jam-2/544.jpg,media/nature-jam-2/544.jpg,True,503,SUI/503_N_S.jpg or przygotowane/,https://jackbeatnic.github.io,copy gh_media_file
545,JB NJ #1331,D_gh_assets_s3000,3000,GH_jb-nft-assets_baseURI,meta/avalanche/nature-jam-2/545,GH_jb-nft-assets,https://jackbeatnic.github.io/jb-nft-assets/media/nature-jam-2/545.jpg,media/nature-jam-2/545.jpg,True,504,SUI/504_N_S.jpg or przygotowane/,https://jackbeatnic.github.io,copy gh_media_file
546,JB NJ #1332,D_gh_assets_s3000,3000,GH_jb-nft-assets_baseURI,meta/avalanche/nature-jam-2/546,GH_jb-nft-assets,https://jackbeatnic.github.io/jb-nft-assets/media/nature-jam-2/546.jpg,media/nature-jam-2/546.jpg,True,505,SUI/505_N_S.jpg or przygotowane/,https://jackbeatnic.github.io,copy gh_media_file
547,JB NJ #1333,D_gh_assets_s3000,3000,GH_jb-nft-assets_baseURI,meta/avalanche/nature-jam-2/547,GH_jb-nft-assets,https://jackbeatnic.github.io/jb-nft-assets/media/nature-jam-2/547.jpg,media/nature-jam-2/547.jpg,True,506,SUI/506_N_S.jpg or przygotowane/,https://jackbeatnic.github.io,copy gh_media_file
548,JB NJ #1334,D_gh_assets_s3000,3000,GH_jb-nft-assets_baseURI,meta/avalanche/nature-jam-2/548,GH_jb-nft-assets,https://jackbeatnic.github.io/jb-nft-assets/media/nature-jam-2/548.jpg,media/nature-jam-2/548.jpg,True,507,SUI/507_N_S.jpg or przygotowane/,https://jackbeatnic.github.io,copy gh_media_file
549,JB NJ #1335,D_gh_assets_s3000,3000,GH_jb-nft-assets_baseURI,meta/avalanche/nature-jam-2/549,GH_jb-nft-assets,https://jackbeatnic.github.io/jb-nft-assets/media/nature-jam-2/549.jpg,media/nature-jam-2/549.jpg,True,508,SUI/508_N_S.jpg or przygotowane/,https://jackbeatnic.github.io,copy gh_media_file
550,JB NJ #1336,D_gh_assets_s3000,3000,GH_jb-nft-assets_baseURI,meta/avalanche/nature-jam-2/550,GH_jb-nft-assets,https://jackbeatnic.github.io/jb-nft-assets/media/nature-jam-2/550.jpg,media/nature-jam-2/550.jpg,True,509,SUI/509_N_S.jpg or przygotowane/,https://jackbeatnic.github.io,copy gh_media_file
551,JB NJ #1337,D_gh_assets_s3000,3000,GH_jb-nft-assets_baseURI,meta/avalanche/nature-jam-2/551,GH_jb-nft-assets,https://jackbeatnic.github.io/jb-nft-assets/media/nature-jam-2/551.jpg,media/nature-jam-2/551.jpg,True,510,SUI/510_N_S.jpg or przygotowane/,https://jackbeatnic.github.io,copy gh_media_file
552,JB NJ #1338,D_gh_assets_s3000,3000,GH_jb-nft-assets_baseURI,meta/avalanche/nature-jam-2/552,GH_jb-nft-assets,https://jackbeatnic.github.io/jb-nft-assets/media/nature-jam-2/552.jpg,media/nature-jam-2/552.jpg,True,511,SUI/511_N_S.jpg or przygotowane/,https://jackbeatnic.github.io,copy gh_media_file
553,JB NJ #1339,D_gh_assets_s3000,3000,GH_jb-nft-assets_baseURI,meta/avalanche/nature-jam-2/553,GH_jb-nft-assets,https://jackbeatnic.github.io/jb-nft-assets/media/nature-jam-2/553.jpg,media/nature-jam-2/553.jpg,True,512,SUI/512_N_S.jpg or przygotowane/,https://jackbeatnic.github.io,copy gh_media_file
554,JB NJ #1340,D_gh_assets_s3000,3000,GH_jb-nft-assets_baseURI,meta/avalanche/nature-jam-2/554,GH_jb-nft-assets,https://jackbeatnic.github.io/jb-nft-assets/media/nature-jam-2/554.jpg,media/nature-jam-2/554.jpg,True,513,SUI/513_N_S.jpg or przygotowane/,https://jackbeatnic.github.io,copy gh_media_file
555,JB NJ #1341,D_gh_assets_s3000,3000,GH_jb-nft-assets_baseURI,meta/avalanche/nature-jam-2/555,GH_jb-nft-assets,https://jackbeatnic.github.io/jb-nft-assets/media/nature-jam-2/555.jpg,media/nature-jam-2/555.jpg,True,514,SUI/514_N_S.jpg or przygotowane/,https://jackbeatnic.github.io,copy gh_media_file
556,JB NJ #1342,D_gh_assets_s3000,3000,GH_jb-nft-assets_baseURI,meta/avalanche/nature-jam-2/556,GH_jb-nft-assets,https://jackbeatnic.github.io/jb-nft-assets/media/nature-jam-2/556.jpg,media/nature-jam-2/556.jpg,True,515,SUI/515_N_S.jpg or przygotowane/,https://jackbeatnic.github.io,copy gh_media_file
557,JB NJ #1343,D_gh_assets_s3000,3000,GH_jb-nft-assets_baseURI,meta/avalanche/nature-jam-2/557,GH_jb-nft-assets,https://jackbeatnic.github.io/jb-nft-assets/media/nature-jam-2/557.jpg,media/nature-jam-2/557.jpg,True,516,SUI/516_N_S.jpg or przygotowane/,https://jackbeatnic.github.io,copy gh_media_file
558,JB NJ #1344,D_gh_assets_s3000,3000,GH_jb-nft-assets_baseURI,meta/avalanche/nature-jam-2/558,GH_jb-nft-assets,https://jackbeatnic.github.io/jb-nft-assets/media/nature-jam-2/558.jpg,media/nature-jam-2/558.jpg,True,517,SUI/517_N_S.jpg or przygotowane/,https://jackbeatnic.github.io,copy gh_media_file
559,JB NJ #1345,D_gh_assets_s3000,3000,GH_jb-nft-assets_baseURI,meta/avalanche/nature-jam-2/559,GH_jb-nft-assets,https://jackbeatnic.github.io/jb-nft-assets/media/nature-jam-2/559.jpg,media/nature-jam-2/559.jpg,True,518,SUI/518_N_S.jpg or przygotowane/,https://jackbeatnic.github.io,copy gh_media_file
560,JB NJ #1346,D_gh_assets_s3000,3000,GH_jb-nft-assets_baseURI,meta/avalanche/nature-jam-2/560,GH_jb-nft-assets,https://jackbeatnic.github.io/jb-nft-assets/media/nature-jam-2/560.jpg,media/nature-jam-2/560.jpg,True,519,SUI/519_N_S.jpg or przygotowane/,https://jackbeatnic.github.io,copy gh_media_file
561,JB NJ #1347,D_gh_assets_s3000,3000,GH_jb-nft-assets_baseURI,meta/avalanche/nature-jam-2/561,GH_jb-nft-assets,https://jackbeatnic.github.io/jb-nft-assets/media/nature-jam-2/561.jpg,media/nature-jam-2/561.jpg,True,520,SUI/520_N_S.jpg or przygotowane/,https://jackbeatnic.github.io,copy gh_media_file
562,JB NJ #1348,D_gh_assets_s3000,3000,GH_jb-nft-assets_baseURI,meta/avalanche/nature-jam-2/562,GH_jb-nft-assets,https://jackbeatnic.github.io/jb-nft-assets/media/nature-jam-2/562.jpg,media/nature-jam-2/562.jpg,True,521,SUI/521_N_S.jpg or przygotowane/,https://jackbeatnic.github.io,copy gh_media_file
563,JB NJ #1349,D_gh_assets_s3000,3000,GH_jb-nft-assets_baseURI,meta/avalanche/nature-jam-2/563,GH_jb-nft-assets,https://jackbeatnic.github.io/jb-nft-assets/media/nature-jam-2/563.jpg,media/nature-jam-2/563.jpg,True,522,SUI/522_N_S.jpg or przygotowane/,https://jackbeatnic.github.io,copy gh_media_file
564,JB NJ #1350,D_gh_assets_s3000,3000,GH_jb-nft-assets_baseURI,meta/avalanche/nature-jam-2/564,GH_jb-nft-assets,https://jackbeatnic.github.io/jb-nft-assets/media/nature-jam-2/564.jpg,media/nature-jam-2/564.jpg,True,523,SUI/523_N_S.jpg or przygotowane/,https://jackbeatnic.github.io,copy gh_media_file
565,JB NJ #1351,D_gh_assets_s3000,3000,GH_jb-nft-assets_baseURI,meta/avalanche/nature-jam-2/565,GH_jb-nft-assets,https://jackbeatnic.github.io/jb-nft-assets/media/nature-jam-2/565.jpg,media/nature-jam-2/565.jpg,True,524,SUI/524_N_S.jpg or przygotowane/,https://jackbeatnic.github.io,copy gh_media_file
566,JB NJ #1352,D_gh_assets_s3000,3000,GH_jb-nft-assets_baseURI,meta/avalanche/nature-jam-2/566,GH_jb-nft-assets,https://jackbeatnic.github.io/jb-nft-assets/media/nature-jam-2/566.jpg,media/nature-jam-2/566.jpg,True,525,SUI/525_N_S.jpg or przygotowane/,https://jackbeatnic.github.io,copy gh_media_file
567,JB NJ #1353,D_gh_assets_s3000,3000,GH_jb-nft-assets_baseURI,meta/avalanche/nature-jam-2/567,GH_jb-nft-assets,https://jackbeatnic.github.io/jb-nft-assets/media/nature-jam-2/567.jpg,media/nature-jam-2/567.jpg,True,526,SUI/526_N_S.jpg or przygotowane/,https://jackbeatnic.github.io,copy gh_media_file
568,JB NJ #1354,D_gh_assets_s3000,3000,GH_jb-nft-assets_baseURI,meta/avalanche/nature-jam-2/568,GH_jb-nft-assets,https://jackbeatnic.github.io/jb-nft-assets/media/nature-jam-2/568.jpg,media/nature-jam-2/568.jpg,True,527,SUI/527_N_S.jpg or przygotowane/,https://jackbeatnic.github.io,copy gh_media_file
569,JB NJ #1355,D_gh_assets_s3000,3000,GH_jb-nft-assets_baseURI,meta/avalanche/nature-jam-2/569,GH_jb-nft-assets,https://jackbeatnic.github.io/jb-nft-assets/media/nature-jam-2/569.jpg,media/nature-jam-2/569.jpg,True,528,SUI/528_N_S.jpg or przygotowane/,https://jackbeatnic.github.io,copy gh_media_file
570,JB NJ #1356,D_gh_assets_s3000,3000,GH_jb-nft-assets_baseURI,meta/avalanche/nature-jam-2/570,GH_jb-nft-assets,https://jackbeatnic.github.io/jb-nft-assets/media/nature-jam-2/570.jpg,media/nature-jam-2/570.jpg,True,529,SUI/529_N_S.jpg or przygotowane/,https://jackbeatnic.github.io,copy gh_media_file
571,JB NJ #1357,D_gh_assets_s3000,3000,GH_jb-nft-assets_baseURI,meta/avalanche/nature-jam-2/571,GH_jb-nft-assets,https://jackbeatnic.github.io/jb-nft-assets/media/nature-jam-2/571.jpg,media/nature-jam-2/571.jpg,True,530,SUI/530_N_S.jpg or przygotowane/,https://jackbeatnic.github.io,copy gh_media_file
572,JB NJ #1358,D_gh_assets_s3000,3000,GH_jb-nft-assets_baseURI,meta/avalanche/nature-jam-2/572,GH_jb-nft-assets,https://jackbeatnic.github.io/jb-nft-assets/media/nature-jam-2/572.jpg,media/nature-jam-2/572.jpg,True,531,SUI/531_N_S.jpg or przygotowane/,https://jackbeatnic.github.io,copy gh_media_file
573,JB NJ #1359,D_gh_assets_s3000,3000,GH_jb-nft-assets_baseURI,meta/avalanche/nature-jam-2/573,GH_jb-nft-assets,https://jackbeatnic.github.io/jb-nft-assets/media/nature-jam-2/573.jpg,media/nature-jam-2/573.jpg,True,532,SUI/532_N_S.jpg or przygotowane/,https://jackbeatnic.github.io,copy gh_media_file
574,JB NJ #1360,D_gh_assets_s3000,3000,GH_jb-nft-assets_baseURI,meta/avalanche/nature-jam-2/574,GH_jb-nft-assets,https://jackbeatnic.github.io/jb-nft-assets/media/nature-jam-2/574.jpg,media/nature-jam-2/574.jpg,True,533,SUI/533_N_S.jpg or przygotowane/,https://jackbeatnic.github.io,copy gh_media_file
575,JB NJ #1361,D_gh_assets_s3000,3000,GH_jb-nft-assets_baseURI,meta/avalanche/nature-jam-2/575,GH_jb-nft-assets,https://jackbeatnic.github.io/jb-nft-assets/media/nature-jam-2/575.jpg,media/nature-jam-2/575.jpg,True,534,SUI/534_N_S.jpg or przygotowane/,https://jackbeatnic.github.io,copy gh_media_file
576,JB NJ #1362,D_gh_assets_s3000,3000,GH_jb-nft-assets_baseURI,meta/avalanche/nature-jam-2/576,GH_jb-nft-assets,https://jackbeatnic.github.io/jb-nft-assets/media/nature-jam-2/576.jpg,media/nature-jam-2/576.jpg,True,535,SUI/535_N_S.jpg or przygotowane/,https://jackbeatnic.github.io,copy gh_media_file
577,JB NJ #1363,D_gh_assets_s3000,3000,GH_jb-nft-assets_baseURI,meta/avalanche/nature-jam-2/577,GH_jb-nft-assets,https://jackbeatnic.github.io/jb-nft-assets/media/nature-jam-2/577.jpg,media/nature-jam-2/577.jpg,True,536,SUI/536_N_S.jpg or przygotowane/,https://jackbeatnic.github.io,copy gh_media_file
578,JB NJ #1364,D_gh_assets_s3000,3000,GH_jb-nft-assets_baseURI,meta/avalanche/nature-jam-2/578,GH_jb-nft-assets,https://jackbeatnic.github.io/jb-nft-assets/media/nature-jam-2/578.jpg,media/nature-jam-2/578.jpg,True,537,SUI/537_N_S.jpg or przygotowane/,https://jackbeatnic.github.io,copy gh_media_file
579,JB NJ #1365,D_gh_assets_s3000,3000,GH_jb-nft-assets_baseURI,meta/avalanche/nature-jam-2/579,GH_jb-nft-assets,https://jackbeatnic.github.io/jb-nft-assets/media/nature-jam-2/579.jpg,media/nature-jam-2/579.jpg,True,538,SUI/538_N_S.jpg or przygotowane/,https://jackbeatnic.github.io,copy gh_media_file
580,JB NJ #1366,D_gh_assets_s3000,3000,GH_jb-nft-assets_baseURI,meta/avalanche/nature-jam-2/580,GH_jb-nft-assets,https://jackbeatnic.github.io/jb-nft-assets/media/nature-jam-2/580.jpg,media/nature-jam-2/580.jpg,True,539,SUI/539_N_S.jpg or przygotowane/,https://jackbeatnic.github.io,copy gh_media_file
581,JB NJ #1367,D_gh_assets_s3000,3000,GH_jb-nft-assets_baseURI,meta/avalanche/nature-jam-2/581,GH_jb-nft-assets,https://jackbeatnic.github.io/jb-nft-assets/media/nature-jam-2/581.jpg,media/nature-jam-2/581.jpg,True,540,SUI/540_N_S.jpg or przygotowane/,https://jackbeatnic.github.io,copy gh_media_file
582,JB NJ #1368,D_gh_assets_s3000,3000,GH_jb-nft-assets_baseURI,meta/avalanche/nature-jam-2/582,GH_jb-nft-assets,https://jackbeatnic.github.io/jb-nft-assets/media/nature-jam-2/582.jpg,media/nature-jam-2/582.jpg,True,541,SUI/541_N_S.jpg or przygotowane/,https://jackbeatnic.github.io,copy gh_media_file
583,JB NJ #1369,D_gh_assets_s3000,3000,GH_jb-nft-assets_baseURI,meta/avalanche/nature-jam-2/583,GH_jb-nft-assets,https://jackbeatnic.github.io/jb-nft-assets/media/nature-jam-2/583.jpg,media/nature-jam-2/583.jpg,True,542,SUI/542_N_S.jpg or przygotowane/,https://jackbeatnic.github.io,copy gh_media_file
584,JB NJ #1370,D_gh_assets_s3000,3000,GH_jb-nft-assets_baseURI,meta/avalanche/nature-jam-2/584,GH_jb-nft-assets,https://jackbeatnic.github.io/jb-nft-assets/media/nature-jam-2/584.jpg,media/nature-jam-2/584.jpg,True,543,SUI/543_N_S.jpg or przygotowane/,https://jackbeatnic.github.io,copy gh_media_file
585,JB NJ #1371,D_gh_assets_s3000,3000,GH_jb-nft-assets_baseURI,meta/avalanche/nature-jam-2/585,GH_jb-nft-assets,https://jackbeatnic.github.io/jb-nft-assets/media/nature-jam-2/585.jpg,media/nature-jam-2/585.jpg,True,544,SUI/544_N_S.jpg or przygotowane/,https://jackbeatnic.github.io,copy gh_media_file
586,JB NJ #1372,D_gh_assets_s3000,3000,GH_jb-nft-assets_baseURI,meta/avalanche/nature-jam-2/586,GH_jb-nft-assets,https://jackbeatnic.github.io/jb-nft-assets/media/nature-jam-2/586.jpg,media/nature-jam-2/586.jpg,True,545,SUI/545_N_S.jpg or przygotowane/,https://jackbeatnic.github.io,copy gh_media_file
587,JB NJ #1373,D_gh_assets_s3000,3000,GH_jb-nft-assets_baseURI,meta/avalanche/nature-jam-2/587,GH_jb-nft-assets,https://jackbeatnic.github.io/jb-nft-assets/media/nature-jam-2/587.jpg,media/nature-jam-2/587.jpg,True,546,SUI/546_N_S.jpg or przygotowane/,https://jackbeatnic.github.io,copy gh_media_file
588,JB NJ #1374,D_gh_assets_s3000,3000,GH_jb-nft-assets_baseURI,meta/avalanche/nature-jam-2/588,GH_jb-nft-assets,https://jackbeatnic.github.io/jb-nft-assets/media/nature-jam-2/588.jpg,media/nature-jam-2/588.jpg,True,547,SUI/547_N_S.jpg or przygotowane/,https://jackbeatnic.github.io,copy gh_media_file
589,JB NJ #1375,D_gh_assets_s3000,3000,GH_jb-nft-assets_baseURI,meta/avalanche/nature-jam-2/589,GH_jb-nft-assets,https://jackbeatnic.github.io/jb-nft-assets/media/nature-jam-2/589.jpg,media/nature-jam-2/589.jpg,True,548,SUI/548_N_S.jpg or przygotowane/,https://jackbeatnic.github.io,copy gh_media_file
590,JB NJ #1376,D_gh_assets_s3000,3000,GH_jb-nft-assets_baseURI,meta/avalanche/nature-jam-2/590,GH_jb-nft-assets,https://jackbeatnic.github.io/jb-nft-assets/media/nature-jam-2/590.jpg,media/nature-jam-2/590.jpg,True,549,SUI/549_N_S.jpg or przygotowane/,https://jackbeatnic.github.io,copy gh_media_file
591,JB NJ #1377,D_gh_assets_s3000,3000,GH_jb-nft-assets_baseURI,meta/avalanche/nature-jam-2/591,GH_jb-nft-assets,https://jackbeatnic.github.io/jb-nft-assets/media/nature-jam-2/591.jpg,media/nature-jam-2/591.jpg,True,550,SUI/550_N_S.jpg or przygotowane/,https://jackbeatnic.github.io,copy gh_media_file
592,JB NJ #1378,D_gh_assets_s3000,3000,GH_jb-nft-assets_baseURI,meta/avalanche/nature-jam-2/592,GH_jb-nft-assets,https://jackbeatnic.github.io/jb-nft-assets/media/nature-jam-2/592.jpg,media/nature-jam-2/592.jpg,True,551,SUI/551_N_S.jpg or przygotowane/,https://jackbeatnic.github.io,copy gh_media_file
593,JB NJ #1379,D_gh_assets_s3000,3000,GH_jb-nft-assets_baseURI,meta/avalanche/nature-jam-2/593,GH_jb-nft-assets,https://jackbeatnic.github.io/jb-nft-assets/media/nature-jam-2/593.jpg,media/nature-jam-2/593.jpg,True,552,SUI/552_N_S.jpg or przygotowane/,https://jackbeatnic.github.io,copy gh_media_file
594,JB NJ #1380,D_gh_assets_s3000,3000,GH_jb-nft-assets_baseURI,meta/avalanche/nature-jam-2/594,GH_jb-nft-assets,https://jackbeatnic.github.io/jb-nft-assets/media/nature-jam-2/594.jpg,media/nature-jam-2/594.jpg,True,553,SUI/553_N_S.jpg or przygotowane/,https://jackbeatnic.github.io,copy gh_media_file
595,JB NJ #1381,D_gh_assets_s3000,3000,GH_jb-nft-assets_baseURI,meta/avalanche/nature-jam-2/595,GH_jb-nft-assets,https://jackbeatnic.github.io/jb-nft-assets/media/nature-jam-2/595.jpg,media/nature-jam-2/595.jpg,True,554,SUI/554_N_S.jpg or przygotowane/,https://jackbeatnic.github.io,copy gh_media_file
596,JB NJ #1382,D_gh_assets_s3000,3000,GH_jb-nft-assets_baseURI,meta/avalanche/nature-jam-2/596,GH_jb-nft-assets,https://jackbeatnic.github.io/jb-nft-assets/media/nature-jam-2/596.jpg,media/nature-jam-2/596.jpg,True,555,SUI/555_N_S.jpg or przygotowane/,https://jackbeatnic.github.io,copy gh_media_file
597,JB NJ #1383,D_gh_assets_s3000,3000,GH_jb-nft-assets_baseURI,meta/avalanche/nature-jam-2/597,GH_jb-nft-assets,https://jackbeatnic.github.io/jb-nft-assets/media/nature-jam-2/597.jpg,media/nature-jam-2/597.jpg,True,556,SUI/556_N_S.jpg or przygotowane/,https://jackbeatnic.github.io,copy gh_media_file
598,JB NJ #1384,D_gh_assets_s3000,3000,GH_jb-nft-assets_baseURI,meta/avalanche/nature-jam-2/598,GH_jb-nft-assets,https://jackbeatnic.github.io/jb-nft-assets/media/nature-jam-2/598.jpg,media/nature-jam-2/598.jpg,True,557,SUI/557_N_S.jpg or przygotowane/,https://jackbeatnic.github.io,copy gh_media_file
599,JB NJ #1385,D_gh_assets_s3000,3000,GH_jb-nft-assets_baseURI,meta/avalanche/nature-jam-2/599,GH_jb-nft-assets,https://jackbeatnic.github.io/jb-nft-assets/media/nature-jam-2/599.jpg,media/nature-jam-2/599.jpg,True,558,SUI/558_N_S.jpg or przygotowane/,https://jackbeatnic.github.io,copy gh_media_file
600,JB NJ #1386,D_gh_assets_s3000,3000,GH_jb-nft-assets_baseURI,meta/avalanche/nature-jam-2/600,GH_jb-nft-assets,https://jackbeatnic.github.io/jb-nft-assets/media/nature-jam-2/600.jpg,media/nature-jam-2/600.jpg,True,559,SUI/559_N_S.jpg or przygotowane/,https://jackbeatnic.github.io,copy gh_media_file
601,JB NJ #1387,D_gh_assets_s3000,3000,GH_jb-nft-assets_baseURI,meta/avalanche/nature-jam-2/601,GH_jb-nft-assets,https://jackbeatnic.github.io/jb-nft-assets/media/nature-jam-2/601.jpg,media/nature-jam-2/601.jpg,True,560,SUI/560_N_S.jpg or przygotowane/,https://jackbeatnic.github.io,copy gh_media_file
602,JB NJ #1388,D_gh_assets_s3000,3000,GH_jb-nft-assets_baseURI,meta/avalanche/nature-jam-2/602,GH_jb-nft-assets,https://jackbeatnic.github.io/jb-nft-assets/media/nature-jam-2/602.jpg,media/nature-jam-2/602.jpg,True,561,SUI/561_N_S.jpg or przygotowane/,https://jackbeatnic.github.io,copy gh_media_file
603,JB NJ #1389,D_gh_assets_s3000,3000,GH_jb-nft-assets_baseURI,meta/avalanche/nature-jam-2/603,GH_jb-nft-assets,https://jackbeatnic.github.io/jb-nft-assets/media/nature-jam-2/603.jpg,media/nature-jam-2/603.jpg,True,562,SUI/562_N_S.jpg or przygotowane/,https://jackbeatnic.github.io,copy gh_media_file
604,JB NJ #1390,D_gh_assets_s3000,3000,GH_jb-nft-assets_baseURI,meta/avalanche/nature-jam-2/604,GH_jb-nft-assets,https://jackbeatnic.github.io/jb-nft-assets/media/nature-jam-2/604.jpg,media/nature-jam-2/604.jpg,True,563,SUI/563_N_S.jpg or przygotowane/,https://jackbeatnic.github.io,copy gh_media_file
605,JB NJ #1391,D_gh_assets_s3000,3000,GH_jb-nft-assets_baseURI,meta/avalanche/nature-jam-2/605,GH_jb-nft-assets,https://jackbeatnic.github.io/jb-nft-assets/media/nature-jam-2/605.jpg,media/nature-jam-2/605.jpg,True,564,SUI/564_N_S.jpg or przygotowane/,https://jackbeatnic.github.io,copy gh_media_file
606,JB NJ #1392,D_gh_assets_s3000,3000,GH_jb-nft-assets_baseURI,meta/avalanche/nature-jam-2/606,GH_jb-nft-assets,https://jackbeatnic.github.io/jb-nft-assets/media/nature-jam-2/606.jpg,media/nature-jam-2/606.jpg,True,565,SUI/565_N_S.jpg or przygotowane/,https://jackbeatnic.github.io,copy gh_media_file
607,JB NJ #1393,D_gh_assets_s3000,3000,GH_jb-nft-assets_baseURI,meta/avalanche/nature-jam-2/607,GH_jb-nft-assets,https://jackbeatnic.github.io/jb-nft-assets/media/nature-jam-2/607.jpg,media/nature-jam-2/607.jpg,True,566,SUI/566_N_S.jpg or przygotowane/,https://jackbeatnic.github.io,copy gh_media_file
608,JB NJ #1394,D_gh_assets_s3000,3000,GH_jb-nft-assets_baseURI,meta/avalanche/nature-jam-2/608,GH_jb-nft-assets,https://jackbeatnic.github.io/jb-nft-assets/media/nature-jam-2/608.jpg,media/nature-jam-2/608.jpg,True,567,SUI/567_N_S.jpg or przygotowane/,https://jackbeatnic.github.io,copy gh_media_file
609,JB NJ #1395,D_gh_assets_s3000,3000,GH_jb-nft-assets_baseURI,meta/avalanche/nature-jam-2/609,GH_jb-nft-assets,https://jackbeatnic.github.io/jb-nft-assets/media/nature-jam-2/609.jpg,media/nature-jam-2/609.jpg,True,568,SUI/568_N_S.jpg or przygotowane/,https://jackbeatnic.github.io,copy gh_media_file
610,JB NJ #1396,D_gh_assets_s3000,3000,GH_jb-nft-assets_baseURI,meta/avalanche/nature-jam-2/610,GH_jb-nft-assets,https://jackbeatnic.github.io/jb-nft-assets/media/nature-jam-2/610.jpg,media/nature-jam-2/610.jpg,True,569,SUI/569_N_S.jpg or przygotowane/,https://jackbeatnic.github.io,copy gh_media_file
611,JB NJ #1397,D_gh_assets_s3000,3000,GH_jb-nft-assets_baseURI,meta/avalanche/nature-jam-2/611,GH_jb-nft-assets,https://jackbeatnic.github.io/jb-nft-assets/media/nature-jam-2/611.jpg,media/nature-jam-2/611.jpg,True,570,SUI/570_N_S.jpg or przygotowane/,https://jackbeatnic.github.io,copy gh_media_file
612,JB NJ #1398,D_gh_assets_s3000,3000,GH_jb-nft-assets_baseURI,meta/avalanche/nature-jam-2/612,GH_jb-nft-assets,https://jackbeatnic.github.io/jb-nft-assets/media/nature-jam-2/612.jpg,media/nature-jam-2/612.jpg,True,571,SUI/571_N_S.jpg or przygotowane/,https://jackbeatnic.github.io,copy gh_media_file
613,JB NJ #1399,D_gh_assets_s3000,3000,GH_jb-nft-assets_baseURI,meta/avalanche/nature-jam-2/613,GH_jb-nft-assets,https://jackbeatnic.github.io/jb-nft-assets/media/nature-jam-2/613.jpg,media/nature-jam-2/613.jpg,True,572,SUI/572_N_S.jpg or przygotowane/,https://jackbeatnic.github.io,copy gh_media_file
614,JB NJ #1400,D_gh_assets_s3000,3000,GH_jb-nft-assets_baseURI,meta/avalanche/nature-jam-2/614,GH_jb-nft-assets,https://jackbeatnic.github.io/jb-nft-assets/media/nature-jam-2/614.jpg,media/nature-jam-2/614.jpg,True,573,SUI/573_N_S.jpg or przygotowane/,https://jackbeatnic.github.io,copy gh_media_file
615,JB NJ #1401,D_gh_assets_s3000,3000,GH_jb-nft-assets_baseURI,meta/avalanche/nature-jam-2/615,GH_jb-nft-assets,https://jackbeatnic.github.io/jb-nft-assets/media/nature-jam-2/615.jpg,media/nature-jam-2/615.jpg,True,574,SUI/574_N_S.jpg or przygotowane/,https://jackbeatnic.github.io,copy gh_media_file
616,JB NJ #1402,D_gh_assets_s3000,3000,GH_jb-nft-assets_baseURI,meta/avalanche/nature-jam-2/616,GH_jb-nft-assets,https://jackbeatnic.github.io/jb-nft-assets/media/nature-jam-2/616.jpg,media/nature-jam-2/616.jpg,True,575,SUI/575_N_S.jpg or przygotowane/,https://jackbeatnic.github.io,copy gh_media_file
617,JB NJ #1403,D_gh_assets_s3000,3000,GH_jb-nft-assets_baseURI,meta/avalanche/nature-jam-2/617,GH_jb-nft-assets,https://jackbeatnic.github.io/jb-nft-assets/media/nature-jam-2/617.jpg,media/nature-jam-2/617.jpg,True,576,SUI/576_N_S.jpg or przygotowane/,https://jackbeatnic.github.io,copy gh_media_file
618,JB NJ #1404,D_gh_assets_s3000,3000,GH_jb-nft-assets_baseURI,meta/avalanche/nature-jam-2/618,GH_jb-nft-assets,https://jackbeatnic.github.io/jb-nft-assets/media/nature-jam-2/618.jpg,media/nature-jam-2/618.jpg,True,577,SUI/577_N_S.jpg or przygotowane/,https://jackbeatnic.github.io,copy gh_media_file
619,JB NJ #1405,D_gh_assets_s3000,3000,GH_jb-nft-assets_baseURI,meta/avalanche/nature-jam-2/619,GH_jb-nft-assets,https://jackbeatnic.github.io/jb-nft-assets/media/nature-jam-2/619.jpg,media/nature-jam-2/619.jpg,True,578,SUI/578_N_S.jpg or przygotowane/,https://jackbeatnic.github.io,copy gh_media_file
620,JB NJ #1406,D_gh_assets_s3000,3000,GH_jb-nft-assets_baseURI,meta/avalanche/nature-jam-2/620,GH_jb-nft-assets,https://jackbeatnic.github.io/jb-nft-assets/media/nature-jam-2/620.jpg,media/nature-jam-2/620.jpg,True,579,SUI/579_N_S.jpg or przygotowane/,https://jackbeatnic.github.io,copy gh_media_file
621,JB NJ #1407,D_gh_assets_s3000,3000,GH_jb-nft-assets_baseURI,meta/avalanche/nature-jam-2/621,GH_jb-nft-assets,https://jackbeatnic.github.io/jb-nft-assets/media/nature-jam-2/621.jpg,media/nature-jam-2/621.jpg,True,580,SUI/580_N_S.jpg or przygotowane/,https://jackbeatnic.github.io,copy gh_media_file
622,JB NJ #1408,D_gh_assets_s3000,3000,GH_jb-nft-assets_baseURI,meta/avalanche/nature-jam-2/622,GH_jb-nft-assets,https://jackbeatnic.github.io/jb-nft-assets/media/nature-jam-2/622.jpg,media/nature-jam-2/622.jpg,True,581,SUI/581_N_S.jpg or przygotowane/,https://jackbeatnic.github.io,copy gh_media_file
623,JB NJ #1409,D_gh_assets_s3000,3000,GH_jb-nft-assets_baseURI,meta/avalanche/nature-jam-2/623,GH_jb-nft-assets,https://jackbeatnic.github.io/jb-nft-assets/media/nature-jam-2/623.jpg,media/nature-jam-2/623.jpg,True,582,SUI/582_N_S.jpg or przygotowane/,https://jackbeatnic.github.io,copy gh_media_file
624,JB NJ #1410,D_gh_assets_s3000,3000,GH_jb-nft-assets_baseURI,meta/avalanche/nature-jam-2/624,GH_jb-nft-assets,https://jackbeatnic.github.io/jb-nft-assets/media/nature-jam-2/624.jpg,media/nature-jam-2/624.jpg,True,583,SUI/583_N_S.jpg or przygotowane/,https://jackbeatnic.github.io,copy gh_media_file
625,JB NJ #1411,D_gh_assets_s3000,3000,GH_jb-nft-assets_baseURI,meta/avalanche/nature-jam-2/625,GH_jb-nft-assets,https://jackbeatnic.github.io/jb-nft-assets/media/nature-jam-2/625.jpg,media/nature-jam-2/625.jpg,True,584,SUI/584_N_S.jpg or przygotowane/,https://jackbeatnic.github.io,copy gh_media_file
626,JB NJ #1412,D_gh_assets_s3000,3000,GH_jb-nft-assets_baseURI,meta/avalanche/nature-jam-2/626,GH_jb-nft-assets,https://jackbeatnic.github.io/jb-nft-assets/media/nature-jam-2/626.jpg,media/nature-jam-2/626.jpg,True,585,SUI/585_N_S.jpg or przygotowane/,https://jackbeatnic.github.io,copy gh_media_file
627,JB NJ #1413,D_gh_assets_s3000,3000,GH_jb-nft-assets_baseURI,meta/avalanche/nature-jam-2/627,GH_jb-nft-assets,https://jackbeatnic.github.io/jb-nft-assets/media/nature-jam-2/627.jpg,media/nature-jam-2/627.jpg,True,586,SUI/586_N_S.jpg or przygotowane/,https://jackbeatnic.github.io,copy gh_media_file
628,JB NJ #1414,D_gh_assets_s3000,3000,GH_jb-nft-assets_baseURI,meta/avalanche/nature-jam-2/628,GH_jb-nft-assets,https://jackbeatnic.github.io/jb-nft-assets/media/nature-jam-2/628.jpg,media/nature-jam-2/628.jpg,True,587,SUI/587_N_S.jpg or przygotowane/,https://jackbeatnic.github.io,copy gh_media_file
629,JB NJ #1415,D_gh_assets_s3000,3000,GH_jb-nft-assets_baseURI,meta/avalanche/nature-jam-2/629,GH_jb-nft-assets,https://jackbeatnic.github.io/jb-nft-assets/media/nature-jam-2/629.jpg,media/nature-jam-2/629.jpg,True,588,SUI/588_N_S.jpg or przygotowane/,https://jackbeatnic.github.io,copy gh_media_file
630,JB NJ #1416,D_gh_assets_s3000,3000,GH_jb-nft-assets_baseURI,meta/avalanche/nature-jam-2/630,GH_jb-nft-assets,https://jackbeatnic.github.io/jb-nft-assets/media/nature-jam-2/630.jpg,media/nature-jam-2/630.jpg,True,589,SUI/589_N_S.jpg or przygotowane/,https://jackbeatnic.github.io,copy gh_media_file
631,JB NJ #1417,D_gh_assets_s3000,3000,GH_jb-nft-assets_baseURI,meta/avalanche/nature-jam-2/631,GH_jb-nft-assets,https://jackbeatnic.github.io/jb-nft-assets/media/nature-jam-2/631.jpg,media/nature-jam-2/631.jpg,True,590,SUI/590_N_S.jpg or przygotowane/,https://jackbeatnic.github.io,copy gh_media_file
632,JB NJ #1418,D_gh_assets_s3000,3000,GH_jb-nft-assets_baseURI,meta/avalanche/nature-jam-2/632,GH_jb-nft-assets,https://jackbeatnic.github.io/jb-nft-assets/media/nature-jam-2/632.jpg,media/nature-jam-2/632.jpg,True,591,SUI/591_N_S.jpg or przygotowane/,https://jackbeatnic.github.io,copy gh_media_file
633,JB NJ #1419,D_gh_assets_s3000,3000,GH_jb-nft-assets_baseURI,meta/avalanche/nature-jam-2/633,GH_jb-nft-assets,https://jackbeatnic.github.io/jb-nft-assets/media/nature-jam-2/633.jpg,media/nature-jam-2/633.jpg,True,592,SUI/592_N_S.jpg or przygotowane/,https://jackbeatnic.github.io,copy gh_media_file
634,JB NJ #1420,D_gh_assets_s3000,3000,GH_jb-nft-assets_baseURI,meta/avalanche/nature-jam-2/634,GH_jb-nft-assets,https://jackbeatnic.github.io/jb-nft-assets/media/nature-jam-2/634.jpg,media/nature-jam-2/634.jpg,True,593,SUI/593_N_S.jpg or przygotowane/,https://jackbeatnic.github.io,copy gh_media_file
635,JB NJ #1421,D_gh_assets_s3000,3000,GH_jb-nft-assets_baseURI,meta/avalanche/nature-jam-2/635,GH_jb-nft-assets,https://jackbeatnic.github.io/jb-nft-assets/media/nature-jam-2/635.jpg,media/nature-jam-2/635.jpg,True,594,SUI/594_N_S.jpg or przygotowane/,https://jackbeatnic.github.io,copy gh_media_file
636,JB NJ #1422,D_gh_assets_s3000,3000,GH_jb-nft-assets_baseURI,meta/avalanche/nature-jam-2/636,GH_jb-nft-assets,https://jackbeatnic.github.io/jb-nft-assets/media/nature-jam-2/636.jpg,media/nature-jam-2/636.jpg,True,595,SUI/595_N_S.jpg or przygotowane/,https://jackbeatnic.github.io,copy gh_media_file
637,JB NJ #1423,D_gh_assets_s3000,3000,GH_jb-nft-assets_baseURI,meta/avalanche/nature-jam-2/637,GH_jb-nft-assets,https://jackbeatnic.github.io/jb-nft-assets/media/nature-jam-2/637.jpg,media/nature-jam-2/637.jpg,True,596,SUI/596_N_S.jpg or przygotowane/,https://jackbeatnic.github.io,copy gh_media_file
638,JB NJ #1424,D_gh_assets_s3000,3000,GH_jb-nft-assets_baseURI,meta/avalanche/nature-jam-2/638,GH_jb-nft-assets,https://jackbeatnic.github.io/jb-nft-assets/media/nature-jam-2/638.jpg,media/nature-jam-2/638.jpg,True,597,SUI/597_N_S.jpg or przygotowane/,https://jackbeatnic.github.io,copy gh_media_file
639,JB NJ #1425,D_gh_assets_s3000,3000,GH_jb-nft-assets_baseURI,meta/avalanche/nature-jam-2/639,GH_jb-nft-assets,https://jackbeatnic.github.io/jb-nft-assets/media/nature-jam-2/639.jpg,media/nature-jam-2/639.jpg,True,598,SUI/598_N_S.jpg or przygotowane/,https://jackbeatnic.github.io,copy gh_media_file
640,JB NJ #1426,D_gh_assets_s3000,3000,GH_jb-nft-assets_baseURI,meta/avalanche/nature-jam-2/640,GH_jb-nft-assets,https://jackbeatnic.github.io/jb-nft-assets/media/nature-jam-2/640.jpg,media/nature-jam-2/640.jpg,True,599,SUI/599_N_S.jpg or przygotowane/,https://jackbeatnic.github.io,copy gh_media_file
641,JB NJ #1427,D_gh_assets_s3000,3000,GH_jb-nft-assets_baseURI,meta/avalanche/nature-jam-2/641,GH_jb-nft-assets,https://jackbeatnic.github.io/jb-nft-assets/media/nature-jam-2/641.jpg,media/nature-jam-2/641.jpg,True,600,SUI/600_N_S.jpg or przygotowane/,https://jackbeatnic.github.io,copy gh_media_file
642,JB NJ #1428,D_gh_assets_s3000,3000,GH_jb-nft-assets_baseURI,meta/avalanche/nature-jam-2/642,GH_jb-nft-assets,https://jackbeatnic.github.io/jb-nft-assets/media/nature-jam-2/642.jpg,media/nature-jam-2/642.jpg,True,601,SUI/601_N_S.jpg or przygotowane/,https://jackbeatnic.github.io,copy gh_media_file
643,JB NJ #1429,D_gh_assets_s3000,3000,GH_jb-nft-assets_baseURI,meta/avalanche/nature-jam-2/643,GH_jb-nft-assets,https://jackbeatnic.github.io/jb-nft-assets/media/nature-jam-2/643.jpg,media/nature-jam-2/643.jpg,True,602,SUI/602_N_S.jpg or przygotowane/,https://jackbeatnic.github.io,copy gh_media_file
644,JB NJ #1430,D_gh_assets_s3000,3000,GH_jb-nft-assets_baseURI,meta/avalanche/nature-jam-2/644,GH_jb-nft-assets,https://jackbeatnic.github.io/jb-nft-assets/media/nature-jam-2/644.jpg,media/nature-jam-2/644.jpg,True,603,SUI/603_N_S.jpg or przygotowane/,https://jackbeatnic.github.io,copy gh_media_file
645,JB NJ #1431,D_gh_assets_s3000,3000,GH_jb-nft-assets_baseURI,meta/avalanche/nature-jam-2/645,GH_jb-nft-assets,https://jackbeatnic.github.io/jb-nft-assets/media/nature-jam-2/645.jpg,media/nature-jam-2/645.jpg,True,604,SUI/604_N_S.jpg or przygotowane/,https://jackbeatnic.github.io,copy gh_media_file
646,JB NJ #1432,D_gh_assets_s3000,3000,GH_jb-nft-assets_baseURI,meta/avalanche/nature-jam-2/646,GH_jb-nft-assets,https://jackbeatnic.github.io/jb-nft-assets/media/nature-jam-2/646.jpg,media/nature-jam-2/646.jpg,True,605,SUI/605_N_S.jpg or przygotowane/,https://jackbeatnic.github.io,copy gh_media_file
647,JB NJ #1433,D_gh_assets_s3000,3000,GH_jb-nft-assets_baseURI,meta/avalanche/nature-jam-2/647,GH_jb-nft-assets,https://jackbeatnic.github.io/jb-nft-assets/media/nature-jam-2/647.jpg,media/nature-jam-2/647.jpg,True,606,SUI/606_N_S.jpg or przygotowane/,https://jackbeatnic.github.io,copy gh_media_file
648,JB NJ #1434,D_gh_assets_s3000,3000,GH_jb-nft-assets_baseURI,meta/avalanche/nature-jam-2/648,GH_jb-nft-assets,https://jackbeatnic.github.io/jb-nft-assets/media/nature-jam-2/648.jpg,media/nature-jam-2/648.jpg,True,607,SUI/607_N_S.jpg or przygotowane/,https://jackbeatnic.github.io,copy gh_media_file
649,JB NJ #1435,D_gh_assets_s3000,3000,GH_jb-nft-assets_baseURI,meta/avalanche/nature-jam-2/649,GH_jb-nft-assets,https://jackbeatnic.github.io/jb-nft-assets/media/nature-jam-2/649.jpg,media/nature-jam-2/649.jpg,True,608,SUI/608_N_S.jpg or przygotowane/,https://jackbeatnic.github.io,copy gh_media_file
650,JB NJ #1436,D_gh_assets_s3000,3000,GH_jb-nft-assets_baseURI,meta/avalanche/nature-jam-2/650,GH_jb-nft-assets,https://jackbeatnic.github.io/jb-nft-assets/media/nature-jam-2/650.jpg,media/nature-jam-2/650.jpg,True,609,SUI/609_N_S.jpg or przygotowane/,https://jackbeatnic.github.io,copy gh_media_file
651,JB NJ #1437,D_gh_assets_s3000,3000,GH_jb-nft-assets_baseURI,meta/avalanche/nature-jam-2/651,GH_jb-nft-assets,https://jackbeatnic.github.io/jb-nft-assets/media/nature-jam-2/651.jpg,media/nature-jam-2/651.jpg,True,610,SUI/610_N_S.jpg or przygotowane/,https://jackbeatnic.github.io,copy gh_media_file
652,JB NJ #1438,D_gh_assets_s3000,3000,GH_jb-nft-assets_baseURI,meta/avalanche/nature-jam-2/652,GH_jb-nft-assets,https://jackbeatnic.github.io/jb-nft-assets/media/nature-jam-2/652.jpg,media/nature-jam-2/652.jpg,True,611,SUI/611_N_S.jpg or przygotowane/,https://jackbeatnic.github.io,copy gh_media_file
653,JB NJ #1439,D_gh_assets_s3000,3000,GH_jb-nft-assets_baseURI,meta/avalanche/nature-jam-2/653,GH_jb-nft-assets,https://jackbeatnic.github.io/jb-nft-assets/media/nature-jam-2/653.jpg,media/nature-jam-2/653.jpg,True,612,SUI/612_N_S.jpg or przygotowane/,https://jackbeatnic.github.io,copy gh_media_file
654,JB NJ #1440,D_gh_assets_s3000,3000,GH_jb-nft-assets_baseURI,meta/avalanche/nature-jam-2/654,GH_jb-nft-assets,https://jackbeatnic.github.io/jb-nft-assets/media/nature-jam-2/654.jpg,media/nature-jam-2/654.jpg,True,613,SUI/613_N_S.jpg or przygotowane/,https://jackbeatnic.github.io,copy gh_media_file
655,JB NJ #1441,D_gh_assets_s3000,3000,GH_jb-nft-assets_baseURI,meta/avalanche/nature-jam-2/655,GH_jb-nft-assets,https://jackbeatnic.github.io/jb-nft-assets/media/nature-jam-2/655.jpg,media/nature-jam-2/655.jpg,True,614,SUI/614_N_S.jpg or przygotowane/,https://jackbeatnic.github.io,copy gh_media_file
656,JB NJ #1442,D_gh_assets_s3000,3000,GH_jb-nft-assets_baseURI,meta/avalanche/nature-jam-2/656,GH_jb-nft-assets,https://jackbeatnic.github.io/jb-nft-assets/media/nature-jam-2/656.jpg,media/nature-jam-2/656.jpg,True,615,SUI/615_N_S.jpg or przygotowane/,https://jackbeatnic.github.io,copy gh_media_file
657,JB NJ #1443,D_gh_assets_s3000,3000,GH_jb-nft-assets_baseURI,meta/avalanche/nature-jam-2/657,GH_jb-nft-assets,https://jackbeatnic.github.io/jb-nft-assets/media/nature-jam-2/657.jpg,media/nature-jam-2/657.jpg,True,616,SUI/616_N_S.jpg or przygotowane/,https://jackbeatnic.github.io,copy gh_media_file
658,JB NJ #1444,D_gh_assets_s3000,3000,GH_jb-nft-assets_baseURI,meta/avalanche/nature-jam-2/658,GH_jb-nft-assets,https://jackbeatnic.github.io/jb-nft-assets/media/nature-jam-2/658.jpg,media/nature-jam-2/658.jpg,True,617,SUI/617_N_S.jpg or przygotowane/,https://jackbeatnic.github.io,copy gh_media_file
659,JB NJ #1445,D_gh_assets_s3000,3000,GH_jb-nft-assets_baseURI,meta/avalanche/nature-jam-2/659,GH_jb-nft-assets,https://jackbeatnic.github.io/jb-nft-assets/media/nature-jam-2/659.jpg,media/nature-jam-2/659.jpg,True,618,SUI/618_N_S.jpg or przygotowane/,https://jackbeatnic.github.io,copy gh_media_file
660,JB NJ #1446,D_gh_assets_s3000,3000,GH_jb-nft-assets_baseURI,meta/avalanche/nature-jam-2/660,GH_jb-nft-assets,https://jackbeatnic.github.io/jb-nft-assets/media/nature-jam-2/660.jpg,media/nature-jam-2/660.jpg,True,619,SUI/619_N_S.jpg or przygotowane/,https://jackbeatnic.github.io,copy gh_media_file
661,JB NJ #1447,D_gh_assets_s3000,3000,GH_jb-nft-assets_baseURI,meta/avalanche/nature-jam-2/661,GH_jb-nft-assets,https://jackbeatnic.github.io/jb-nft-assets/media/nature-jam-2/661.jpg,media/nature-jam-2/661.jpg,True,620,SUI/620_N_S.jpg or przygotowane/,https://jackbeatnic.github.io,copy gh_media_file
662,JB NJ #1448,D_gh_assets_s3000,3000,GH_jb-nft-assets_baseURI,meta/avalanche/nature-jam-2/662,GH_jb-nft-assets,https://jackbeatnic.github.io/jb-nft-assets/media/nature-jam-2/662.jpg,media/nature-jam-2/662.jpg,True,621,SUI/621_N_S.jpg or przygotowane/,https://jackbeatnic.github.io,copy gh_media_file
663,JB NJ #1449,D_gh_assets_s3000,3000,GH_jb-nft-assets_baseURI,meta/avalanche/nature-jam-2/663,GH_jb-nft-assets,https://jackbeatnic.github.io/jb-nft-assets/media/nature-jam-2/663.jpg,media/nature-jam-2/663.jpg,True,622,SUI/622_N_S.jpg or przygotowane/,https://jackbeatnic.github.io,copy gh_media_file
664,JB NJ #1450,D_gh_assets_s3000,3000,GH_jb-nft-assets_baseURI,meta/avalanche/nature-jam-2/664,GH_jb-nft-assets,https://jackbeatnic.github.io/jb-nft-assets/media/nature-jam-2/664.jpg,media/nature-jam-2/664.jpg,True,623,SUI/623_N_S.jpg or przygotowane/,https://jackbeatnic.github.io,copy gh_media_file
665,JB NJ #1451,D_gh_assets_s3000,3000,GH_jb-nft-assets_baseURI,meta/avalanche/nature-jam-2/665,GH_jb-nft-assets,https://jackbeatnic.github.io/jb-nft-assets/media/nature-jam-2/665.jpg,media/nature-jam-2/665.jpg,True,624,SUI/624_N_S.jpg or przygotowane/,https://jackbeatnic.github.io,copy gh_media_file
666,JB NJ #1452,D_gh_assets_s3000,3000,GH_jb-nft-assets_baseURI,meta/avalanche/nature-jam-2/666,GH_jb-nft-assets,https://jackbeatnic.github.io/jb-nft-assets/media/nature-jam-2/666.jpg,media/nature-jam-2/666.jpg,True,625,SUI/625_N_S.jpg or przygotowane/,https://jackbeatnic.github.io,copy gh_media_file
667,JB NJ #1453,D_gh_assets_s3000,3000,GH_jb-nft-assets_baseURI,meta/avalanche/nature-jam-2/667,GH_jb-nft-assets,https://jackbeatnic.github.io/jb-nft-assets/media/nature-jam-2/667.jpg,media/nature-jam-2/667.jpg,True,626,SUI/626_N_S.jpg or przygotowane/,https://jackbeatnic.github.io,copy gh_media_file
668,JB NJ #1454,D_gh_assets_s3000,3000,GH_jb-nft-assets_baseURI,meta/avalanche/nature-jam-2/668,GH_jb-nft-assets,https://jackbeatnic.github.io/jb-nft-assets/media/nature-jam-2/668.jpg,media/nature-jam-2/668.jpg,True,627,SUI/627_N_S.jpg or przygotowane/,https://jackbeatnic.github.io,copy gh_media_file
669,JB NJ #1455,D_gh_assets_s3000,3000,GH_jb-nft-assets_baseURI,meta/avalanche/nature-jam-2/669,GH_jb-nft-assets,https://jackbeatnic.github.io/jb-nft-assets/media/nature-jam-2/669.jpg,media/nature-jam-2/669.jpg,True,628,SUI/628_N_S.jpg or przygotowane/,https://jackbeatnic.github.io,copy gh_media_file
670,JB NJ #1456,D_gh_assets_s3000,3000,GH_jb-nft-assets_baseURI,meta/avalanche/nature-jam-2/670,GH_jb-nft-assets,https://jackbeatnic.github.io/jb-nft-assets/media/nature-jam-2/670.jpg,media/nature-jam-2/670.jpg,True,629,SUI/629_N_S.jpg or przygotowane/,https://jackbeatnic.github.io,copy gh_media_file
671,JB NJ #1457,D_gh_assets_s3000,3000,GH_jb-nft-assets_baseURI,meta/avalanche/nature-jam-2/671,GH_jb-nft-assets,https://jackbeatnic.github.io/jb-nft-assets/media/nature-jam-2/671.jpg,media/nature-jam-2/671.jpg,True,630,SUI/630_N_S.jpg or przygotowane/,https://jackbeatnic.github.io,copy gh_media_file
672,JB NJ #1458,D_gh_assets_s3000,3000,GH_jb-nft-assets_baseURI,meta/avalanche/nature-jam-2/672,GH_jb-nft-assets,https://jackbeatnic.github.io/jb-nft-assets/media/nature-jam-2/672.jpg,media/nature-jam-2/672.jpg,True,631,SUI/631_N_S.jpg or przygotowane/,https://jackbeatnic.github.io,copy gh_media_file
673,JB NJ #1459,D_gh_assets_s3000,3000,GH_jb-nft-assets_baseURI,meta/avalanche/nature-jam-2/673,GH_jb-nft-assets,https://jackbeatnic.github.io/jb-nft-assets/media/nature-jam-2/673.jpg,media/nature-jam-2/673.jpg,True,632,SUI/632_N_S.jpg or przygotowane/,https://jackbeatnic.github.io,copy gh_media_file
674,JB NJ #1460,D_gh_assets_s3000,3000,GH_jb-nft-assets_baseURI,meta/avalanche/nature-jam-2/674,GH_jb-nft-assets,https://jackbeatnic.github.io/jb-nft-assets/media/nature-jam-2/674.jpg,media/nature-jam-2/674.jpg,True,633,SUI/633_N_S.jpg or przygotowane/,https://jackbeatnic.github.io,copy gh_media_file
675,JB NJ #1461,D_gh_assets_s3000,3000,GH_jb-nft-assets_baseURI,meta/avalanche/nature-jam-2/675,GH_jb-nft-assets,https://jackbeatnic.github.io/jb-nft-assets/media/nature-jam-2/675.jpg,media/nature-jam-2/675.jpg,True,634,SUI/634_N_S.jpg or przygotowane/,https://jackbeatnic.github.io,copy gh_media_file
676,JB NJ #1462,D_gh_assets_s3000,3000,GH_jb-nft-assets_baseURI,meta/avalanche/nature-jam-2/676,GH_jb-nft-assets,https://jackbeatnic.github.io/jb-nft-assets/media/nature-jam-2/676.jpg,media/nature-jam-2/676.jpg,True,635,SUI/635_N_S.jpg or przygotowane/,https://jackbeatnic.github.io,copy gh_media_file
677,JB NJ #1463,D_gh_assets_s3000,3000,GH_jb-nft-assets_baseURI,meta/avalanche/nature-jam-2/677,GH_jb-nft-assets,https://jackbeatnic.github.io/jb-nft-assets/media/nature-jam-2/677.jpg,media/nature-jam-2/677.jpg,True,636,SUI/636_N_S.jpg or przygotowane/,https://jackbeatnic.github.io,copy gh_media_file
678,JB NJ #1464,D_gh_assets_s3000,3000,GH_jb-nft-assets_baseURI,meta/avalanche/nature-jam-2/678,GH_jb-nft-assets,https://jackbeatnic.github.io/jb-nft-assets/media/nature-jam-2/678.jpg,media/nature-jam-2/678.jpg,True,637,SUI/637_N_S.jpg or przygotowane/,https://jackbeatnic.github.io,copy gh_media_file
679,JB NJ #1465,D_gh_assets_s3000,3000,GH_jb-nft-assets_baseURI,meta/avalanche/nature-jam-2/679,GH_jb-nft-assets,https://jackbeatnic.github.io/jb-nft-assets/media/nature-jam-2/679.jpg,media/nature-jam-2/679.jpg,True,638,SUI/638_N_S.jpg or przygotowane/,https://jackbeatnic.github.io,copy gh_media_file
680,JB NJ #1466,D_gh_assets_s3000,3000,GH_jb-nft-assets_baseURI,meta/avalanche/nature-jam-2/680,GH_jb-nft-assets,https://jackbeatnic.github.io/jb-nft-assets/media/nature-jam-2/680.jpg,media/nature-jam-2/680.jpg,True,639,SUI/639_N_S.jpg or przygotowane/,https://jackbeatnic.github.io,copy gh_media_file
